itemId,item_name
1,Alisha Solid Women's Cycling Shorts
2,FabHomeDecor Fabric Double Sofa Bed
3,AW Bellies
4,Alisha Solid Women's Cycling Shorts
5,Sicons All Purpose Arnica Dog Shampoo
6,Eternal Gandhi Super Series Crystal Paper Weights  with Silver Finish
7,Alisha Solid Women's Cycling Shorts
8,FabHomeDecor Fabric Double Sofa Bed
9,"dilli bazaaar Bellies, Corporate Casuals, Casuals"
10,Alisha Solid Women's Cycling Shorts
11,Ladela Bellies
12,Carrel Printed Women's
13,Sicons All Purpose Tea Tree Dog Shampoo
14,Alisha Solid Women's Cycling Shorts
15,Freelance Vacuum Bottles 350 ml Bottle
16,Alisha Solid Women's Cycling Shorts
17,FabHomeDecor Fabric Double Sofa Bed
18,Style Foot Bellies
19,Carrel Printed Women's
20,FabHomeDecor Fabric Double Sofa Bed
21,Sicons Conditioning Conditoner Dog Shampoo
22,Alisha Solid Women's Cycling Shorts
23,dongli Printed Boy's Round Neck T-Shirt
24,SWAGGA Women Clogs
25,Kennel Rubber Dumbell With Bell - Small Rubber Rubber Toy For Dog
26,Glus Wedding Lingerie Set
27,Veelys Shiny White Quad Roller Skates - Size 4.5 UK
28,Bulaky vanity case Jewellery Vanity Case
29,FDT Women's Leggings
30,Madcaps C38GR30 Men's Cargos
31,Bengal Blooms Rose Artificial Plant  with Pot
32,Indcrown Net Embroidered Semi-stitched Lehenga Choli Material
33,Shopmania Music Band A5 Notebook Spiral Bound
34,Shopmania Music Band A5 Notebook Spiral Bound
35,"Tiara Diaries 2016-2017 Designer LA Kaarta ""TAKING ACTION GETTING RESULT"" (Set of 3) B5 Notebook Hard Bound"
36,KAJCI Embroidered Women's Waistcoat
37,Packman 8 x 10 inches Security Bags Without POD Jacket Courier Bag Security Bag
38,Pick Pocket Embroidered Women's Waistcoat
39,Angelfish Silk Potali Potli
40,Oye Boy's Dungaree
41,Nuride Canvas Shoes
42,OM SHIVAKRITI Square wall Clock Showpiece  -  38.1 cm
43,Himmlisch ST381 Magnetic Sun Shade For Maruti Alto
44,Rapter BNC-179 BNC Wire Connector
45,Vishudh Printed Women's Straight Kurta
46,Vishudh Printed Women's Straight Kurta
47,Vishudh Printed Women's Anarkali Kurta
48,BuildTrack PIR Wireless Motion Sensor - One Switch Control Wireless Sensor Security System
49,Skayvon SUMMERSIBLE SINGLE PHASE PUMP CONTROLLER Wired Sensor Security System
50,MASARA Solid Women's Straight Kurta
51,Vishudh Printed Women's Straight Kurta
52,Rapter BNC-047 BNC Wire Connector
53,Skayvon SUBMERSIBBLE THREE PHASE PUMP CONTROLLER Wired Sensor Security System
54,Vishudh Printed Women's Straight Kurta
55,Behringer Xenyx 502 Analog Sound Mixer
56,Vishudh Printed Women's Straight Kurta
57,Vishudh Printed Women's Straight Kurta
58,MASARA Solid Women's Straight Kurta
59,MASARA Solid Women's Straight Kurta
60,Roadster Men's Zipper Solid Cardigan
61,Vishudh Printed Women's Straight Kurta
62,Noor Embroidered Women's Straight Kurta
63,MASARA Solid Women's Straight Kurta
64,Vishudh Printed Women's Straight Kurta
65,Libas Printed Women's A-line Kurta
66,Libas Printed Women's Anarkali Kurta
67,MASARA Solid Women's Straight Kurta
68,HRS ULTIMATE BOY Chest Pads
69,Vermello Men Casual Brown Genuine Leather Belt
70,HRS CLUB BOY Thigh Pads
71,Ligans NY Men Formal Black Genuine Leather Belt
72,Elegance Polyester Multicolor Abstract Eyelet Door Curtain
73,Liza Women Wedges
74,HRS ULTIMATE BOY Elbow Pads
75,Sathiyas Cotton Bath Towel
76,HRS ULTIMATE MEN Chest Pads
77,Eurospa Cotton Terry Face Towel Set
78,SANTOSH ROYAL FASHION Cotton Printed King sized Double Bedsheet
79,CASEDEAL Microsoft Nokia lumia x2 Back Panel
80,Mario Gotze Women's Printed Casual Orange Shirt
81,Jaipur Print Cotton Floral King sized Double Bedsheet
82,Shilpi NHSCN003 Coin Bank
83,Jaipur Print Cotton Floral King sized Double Bedsheet
84,Babeezworld Dungaree Baby Boy's  Combo
85,Redbag Eight Armed Goddess Sherawali Maa Showpiece  -  10.8 cm
86,"Proence Weight Gainers, Mass Gainers"
87,Discountgod Men's Checkered Casual Shirt
88,Silver Streak Men's Printed Casual Denim Shirt
89,"Cobra Paris CO6394A1 Analog Watch  - For Men, Boys"
90,TEN TEN Women's Black Knee Length Boots Boots
91,"Aries Gold G 729 S-BK Analog Watch  - For Men, Boys"
92,Carlton Boots
93,Maserati Time R8851116001 Analog Watch  - For Boys
94,"Vizion 8503B-1RED Cold Light Digital Watch  - For Boys, Girls"
95,"Camerii WM64 Elegance Analog Watch  - For Men, Boys"
96,Reckler Slim Fit Men's Jeans
97,Quechua Arpenaz Novadry Boots
98,"Colat COLAT_MW20 Sheen Analog Watch  - For Men, Women, Boys, Girls"
99,Steppings Trendy Boots
100,Rochees RW38 Analog Watch  - For Boys
101,"Rorlig RR-028 Expedition Analog Watch  - For Men, Boys"
102,Catwalk Boots
103,Magnum Footwear Lifestyle
104,T STAR UFT-TSW-005-BK-BR Analog Watch  - For Boys
105,Rialto Boots
106,Kielz Ladies Boots
107,"Alfajr WY16B Youth Digital Watch  - For Men, Boys"
108,La Briza Ashley Boots
109,"TAG Heuer CAU1116.BA0858 Formula 1 Analog Watch  - For Boys, Men"
110,Salt N Pepper 13-019 Femme Black Boots Boots
111,Shuz Touch Boots
112,Wrangler Skanders Fit Men's Jeans
113,Steppings Trendy Boots
114,Salt N Pepper 14-664 Denny Black Boots Boots
115,"Costa Swiss CS-2001 Analog Watch  - For Boys, Men"
116,Crocs Boots
117,"Breitling AB011010/BB08 131S Chronomat 44 Analog Watch  - For Boys, Men"
118,Lyc White Casual Boots
119,Myra Comfortable Boots
120,"Calibro SW-125 Analog-Digital Watch  - For Men, Boys"
121,Get Glamr Designer Uggy Boots
122,Kielz Ladies Boots
123,Kielz Ladies Boots
124,Rochees RW50 Analog Watch  - For Boys
125,Kielz Ladies Boots
126,Salt N Pepper 13-516 Greta Red Boots
127,Fluid DMF-002-GR01 Digital Watch  - For Boys
128,Steppings Trendy Boots
129,Rialto Boots
130,"Rorlig RR-030 Essentials Analog Watch  - For Men, Boys"
131,Wrangler Regular Fit Men's Jeans
132,Steppings Trendy Boots
133,"Disney DW100230 Digital Watch  - For Boys, Girls"
134,Salt N Pepper 13-167 Marsha Red Boots
135,"Cartier W6701005 Analog Watch  - For Boys, Men"
136,Bruno Manetti Cannelita Boots
137,Stylistry Maxis Shde6603brwoboot3104 Boots
138,"Lois Caron LCS-4032 Analog Watch  - For Boys, Men"
139,"Felix Y 39 Analog Watch  - For Boys, Men"
140,Kielz Boots
141,Kielz Ladies Boots
142,Sakay Country Leather Boots
143,La Briza Black Boots
144,"Kool Kidz DMK-012-QU02 Analog Watch  - For Girls, Boys"
145,"Franck Bella FB0128B Analog Watch  - For Men, Boys"
146,Steppings Trendy Boots
147,"Kool Kidz DMK-003-YL 03 Analog Watch  - For Girls, Boys"
148,"Vizion 8502-6BLACK Sports Series Digital Watch  - For Boys, Girls"
149,Vencer Stella 7lyt1011 Digital Watch  - For Boys
150,La Briza Mile Boots
151,"Casela CAS-W-13 Basic Analog Watch  - For Boys, Girls"
152,Sneha Unique Boots
153,Timer TC_-_690143 Analog Watch  - For Boys
154,NE Regular Fit Men's Jeans
155,Shuz Touch Boots
156,Kielz Ladies Boots
157,"Colat COLAT_M08 Roman Numerals Analog Watch  - For Men, Boys"
158,Kielz Ladies Boots
159,Belle Gambe Boots
160,"Titan 1639SL03 Analog Watch  - For Boys, Men"
161,Selfie Boots
162,Clincher Semonday Boots
163,"Srushti Art Jewelry Megnet_Led_Sport_BlackRed1 Digital Watch  - For Men, Women, Boys, Girls"
164,Kielz Ladies Boots
165,"Q&Q VQ13-008 Analog Watch  - For Girls, Boys"
166,Belle Gambe Boots
167,"Escort E-1700-906_Blk Analog Watch  - For Men, Boys"
168,Roxy Boots
169,Lee Men's Jeans
170,Bruno Manetti 676 Boots
171,"Estilo 1056 Analog Watch  - For Boys, Men"
172,Jack klein BlackLed Digital Watch  - For Boys
173,"North Moon IW-005-FK Silicone Ion Digital Watch  - For Boys, Girls, Women"
174,Shuz Touch Boots
175,Foot Candy Boots
176,Credos Boots
177,"Rich Club Apple Shaped LED Digital Watch  - For Boys, Girls"
178,"Skmei AD1031-Black Formal Analog-Digital Watch  - For Men, Boys"
179,Kielz Ladies Boots
180,"Kms Ironman_Look_Led_Black11 Digital Watch  - For Men, Women, Girls, Boys"
181,Anand Archies Boots
182,Magnum Footwear Lifestyle Boots
183,Steppings Trendy Boots
184,Swag 670038 Analog Watch  - For Boys
185,Bonzer Boots
186,Roadster Skinny Fit Fit Men's Jeans
187,Selfie Black Denim Boots
188,Steppings Boots Boots
189,"Q&Q LLA2-213 Digital Watch  - For Boys, Girls"
190,Belle Gambe Winter Boots
191,"Hala Red In Black trendy digital Digital Watch  - For Boys, Girls, Men"
192,Kielz Ladies Boots
193,Kielz Boots
194,"Franck Bella FB74C Analog Watch  - For Boys, Men"
195,Carlton London Boots
196,Ridas Apl_led_black Apple Shape Digital Watch  - For Boys
197,Shuz Touch Boots
198,La Briza Andria Boots
199,"Skmei 1070BLK Sports Analog-Digital Watch  - For Men, Boys"
200,Kielz Ladies Boots
201,Carlton London Boots
202,"Skmei AD1057-Dark-Orange Sports Analog-Digital Watch  - For Men, Boys"
203,Urban Country Ladies Boots
204,Now SP-ETHNIC Analog Watch  - For Boys
205,"Disney MSFR190-01B Analog Watch  - For Boys, Girls"
206,Get Glamr Designer Yuvu Boots
207,Kielz Boots
208,Belle Gambe Boots
209,Remson India Boots
210,Steppings Trendy Boots
211,Jacques Farel KWD2324 Analog Watch  - For Boys
212,Rialto Boots
213,Salt N Pepper 13-455 Pisa Black Boots
214,"Oxter Chrono Blue Italia Analog Watch  - For Men, Boys"
215,Klaur Melbourne Boots
216,"Positif Pfbk612 Analog Watch  - For Men, Boys"
217,Selfie Boots
218,"D'SIGNER 688RGM _BRN Analog Watch  - For Men, Boys"
219,Salt N Pepper 13-019 Femme Taupe Boots Boots
220,"Franck Bella FB127A Analog Watch  - For Boys, Men"
221,Get Glamr Stylish Boots
222,"Felix 3541 W-S METAL Analog Watch  - For Boys, Girls"
223,Steppings Trendy Boots
224,Steppings Boots Boots
225,"Skmei DG0939-Red Sports Digital Watch  - For Men, Boys"
226,Do Bhai Boots
227,"Vizion 8502-4BLUE Sports Series Digital Watch  - For Boys, Girls"
228,Steppings Boots Boots
229,Steppings Trendy Boots
230,Sam Stefy Boots
231,TEN TEN Women's Tan Mid Length Boots Boots
232,Remson India Boots
233,Get Glamr Dazzle Boots
234,"Jack Klein Goldjack Analog Watch  - For Boys, Men"
235,Dearfoams Boots
236,"fastrack 38015PL01 Analog Watch  - For Men, Boys"
237,Kielz Ladies Boots
238,"A Avon PK_504 Analog Watch  - For Men, Boys"
239,Kielz Ladies Boots
240,"Franck Bella FB0122DD Analog Watch  - For Men, Boys"
241,Catwalk Boots
242,Rialto Boots
243,Salt N Pepper 12-298 Taupe Boots
244,"Alfajr WQ18 Qibla Compass Digital Watch  - For Men, Boys, Girls"
245,Magnum Footwear Lifestyle Boots
246,Steppings Trendy Boots
247,"Sale Funda SFGFU694 Analog Watch  - For Boys, Men"
248,Steppings Trendy Boots
249,"Britex BT2050+BT3101 He & She Analog Watch  - For Couple, Women, Men, Boys, Girls"
250,TSG Kelz Boots
251,"3wish CUR-BLUE Silver Blue 8023 Analog Watch  - For Boys, Men"
252,J.D.H. 111-222 Boots
253,"Disney 98189 Analog Watch  - For Boys, Girls"
254,Get Glamr Designer Snowra Boots
255,"Lenco DCOMPASS2010 Quazi Analog-Digital Watch  - For Men, Boys"
256,Pinza Black Christmas Boots
257,Kielz Ladies Boots
258,Salt N Pepper 13-552 Rebacca Almond Boots
259,"Rockstar R_056 Chrono Analog Watch  - For Men, Boys"
260,Disney DW100405 Digital Watch  - For Boys
261,Selfie Boots
262,"Vizion 8502-7PURPLE Sports Series Digital Watch  - For Boys, Girls"
263,Belle Gambe Boots
264,"Disney LP-1008 (Yellow) Analog Watch  - For Boys, Girls"
265,"Elantra S 10 Analog Watch  - For Boys, Men"
266,Willy Winkies Black Boots
267,"Marvel DW100243 Digital Watch  - For Boys, Girls"
268,DJH Boots
269,"Franck Bella FB123D Analog Watch  - For Men, Boys"
270,Get Glamr Stylish Boots
271,"Skmei DG1010-Black-Gold Sports Digital Watch  - For Men, Boys, Women, Girls"
272,Magnum Footwear Lifestyle Boots
273,Pinza Blue Cowboy Boots
274,Magnum Footwear Lifestyle Boots
275,Steppings Trendy Boots
276,"Eleganzza Denim Denim Analog Watch  - For Men, Women, Boys, Girls, Couple"
277,CatBird Boots
278,Bruno Manetti 664 Boots
279,"Lenco Bdblue Tango Analog Watch  - For Men, Boys"
280,Get Glamr Designer Kuyal Boots
281,"Zoop C4040PP03 Digital Watch  - For Boys, Girls"
282,"Shoppingekart DS0222 Rewin Pack of 3 Digital Watch  - For Boys, Girls, Couple, Men"
283,Stylistry Maxis Sa3228-25relong1712 Boots
284,Steppings Trendy Boots
285,Salt N Pepper 14-475 Dorthea Almond Boots Boots
286,"D'Signer 681GM_WHT Analog Watch  - For Men, Boys"
287,Rialto Boots
288,"SwissFire 205SM005 Analog Watch  - For Boys, Men"
289,Get Glamr Designer Uggy Boots
290,"A Avon PK_741 Analog Watch  - For Men, Boys"
291,Carl 3346-1-Cheetablue Boots
292,Logues LGSWATCH61003PP DIGI YELLOW Sports Analog-Digital Watch  - For Boys
293,Kielz Ladies Boots
294,Swag 670014 Analog Watch  - For Boys
295,"Zoop C3030PP05 Analog Watch  - For Boys, Girls"
296,20Dresses Brown Shiver Me Timbers Boots
297,"ezyPRNT ""RH"" Golf Ball -   Size: 4.26 cm,  Diameter: 4.26 cm"
298,"ezyPRNT ""BC"" Golf Ball -   Size: 4,  Diameter: 4.26 cm"
299,"ezyPRNT ""OL"" Golf Ball -   Size: 4.26 cm,  Diameter: 4.26 cm"
300,"ezyPRNT ""CV"" Golf Ball -   Size: 4,  Diameter: 4.26 cm"
301,Traditions Printed Protective Men's Gloves
302,First Choice Cotton Embroidered Diwan Set
303,Eccellente Solid Hip Hop Cap
304,Nechams Resin Magnetic Magnetic Melamine Small Whiteboards
305,Traditions Printed Protective Men's Gloves
306,First Choice Cotton Embroidered Diwan Set
307,First Choice Cotton Embroidered Diwan Set
308,JASPO Thunder Intact Superior Senior Skates Combo (skates+helmet+knee+elbow+bag)suitable for age upto 6 to 14 years Skating Kit
309,Masaba for Magic fairy Girl's Layered Pink Dress
310,Momin Libas AK2414 Kashibo Solid Abaya No
311,ACM Pouch for Swipe Elite Plus
312,A R ENTERPRISES musical wlking cow
313,First Choice Cotton Embroidered Diwan Set
314,SANTOSH ROYAL FASHION Cotton Embroidered Diwan Set
315,First Choice Cotton Embroidered Diwan Set
316,ShoeBuzz Casuals
317,Zed Loafers
318,House This Queen Cotton Duvet Cover
319,ACM Pouch for Intex Aqua Lions 3g
320,womaniya Alloy Bracelet
321,Taj Pearl Alloy Cuff
322,JASPO Saphire Dual Shoe Skates Combo Size 5 Skating Kit
323,Taj Pearl Alloy Cuff
324,Bento Musical Teddy Bear
325,Wake Up Competition Full Sleeve Striped Men's Sweatshirt
326,Taj Pearl Alloy Cuff
327,Taj Pearl Alloy Cuff
328,Cellbazaar Blackberry 8520 WHITE LCD LCD
329,Dressberry Gold Synthetic  Clutch
330,Mast & Harbour Black Synthetic  Clutch
331,JQR JQR Sports Shoes Running Shoes
332,Sisel Printed Poly Cotton Women's Stole
333,JQR JQR Sports Shoes Running Shoes
334,"Knight Ace Kraasa Sports Running Shoes, Cycling Shoes, Walking Shoes"
335,Dressberry Gold Synthetic  Clutch
336,"Great Art Floral Print Wool, Viscose, 20% Kashmiri wool, 50% Cashmilon and 30% Wool ruffle yarn Women's Stole"
337,Indistar Self Design Viscose Women's Stole
338,Mast & Harbour Black Synthetic  Clutch
339,Glacier Running Shoes
340,Dressberry Black Synthetic  Clutch
341,Zoe Marciano Blue Heavy-duty satin wong fabric  Clutch
342,Asics Gel-Cumulus 17 Running Shoes
343,Dressberry Black Synthetic  Clutch
344,Mast & Harbour Gold Synthetic  Clutch
345,Asics Gel-Kayano 22 Running Shoes
346,Indistar Self Design Viscose Women's Stole
347,Dressberry Orange Synthetic  Clutch
348,Dressberry Gold Synthetic  Clutch
349,Dressberry Green Synthetic  Clutch
350,Zoe Marciano Blue Heavy-duty satin wong fabric  Clutch
351,Escan Lace Up
352,Dressberry Gold Synthetic  Clutch
353,Nine Maternity Wear Women's Fit and Flare Dress
354,"Kleio Festive, Party, Casual Blue PU  Clutch"
355,Skipper Blends Aqua Striped Eyelet Window Curtain
356,Mizuno Lightweight Hoody Solid Men's Wind Cheater
357,"Turbo MSE TEST LITE Batting Gloves (Men, White, Orange)"
358,"Turbo LEAGUE Batting Gloves (Men, White, Blue)"
359,Stamin Mass Gainers
360,Pure Source Psi-As-Hanggnrlx Relaxing Liquid Air Freshener
361,Svt Ada Collections Formal Full Sleeve Checkered Women's Top
362,Svt Ada Collections Party 3/4 Sleeve Checkered Women's Top
363,Svt Ada Collections Casual Full Sleeve Checkered Women's Top
364,"Asian Gems & Jewels 5 Dhaatu Metal, Alloy Opal Ring"
365,"Asian Gems & Jewels 5 Dhaatu Metal, Alloy Opal Ring"
366,"Asian Gems & Jewels 5 Dhaatu Metal, Alloy Amethyst Ring"
367,Kings Multicolor Tassels
368,Avsar Sachi Gold Diamond 18 K Ring
369,Peppermint Blues Casual Sleeveless Printed Women's Top
370,Nishtaa Yellow Gold 22 K Ring
371,Xpert Schoolboys Blk Lace Up Shoes
372,Just In Time Fashions Women's A-line Dress
373,Yepme Women's Gathered Dress
374,Van Heusen Men's Printed Party Shirt
375,Eshoppee Laughing Buddha For Success And Wealth Showpiece  -  12 cm
376,Karatcraft Triniya Promise Gold Diamond 18 K Ring
377,Nishtaa Yellow Gold 22 K Ring
378,Mykraft Girl's A-line Dress
379,The Cranberry Club Girl's Gathered Dress
380,Fashion Tree Men's Solid Formal Shirt
381,Fashion Tree Men's Solid Formal Shirt
382,Fashion Tree Men's Solid Formal Shirt
383,Peter England Men's Solid Formal Shirt
384,Gee & Bee Casual Printed Women's Kurti
385,Gee & Bee Casual Printed Women's Kurti
386,Dumdaar.Com Casual Short Sleeve Self Design Women's Top
387,"F&S Casual, Party Short Sleeve Self Design Women's Top"
388,Oviya Casual Sleeveless Self Design Women's Top
389,The Clove Casual 3/4 Sleeve Self Design Women's Top
390,The Vanca Formal Full Sleeve Self Design Women's Top
391,Fantasy Ika Casual Short Sleeve Solid Women's Top
392,Fantasy Ika Casual 3/4 Sleeve Self Design Women's Top
393,Ausy Casual Short Sleeve Floral Print Women's Top
394,Ausy Casual Short Sleeve Printed Women's Top
395,Karatcraft Triniya Promise Gold Diamond 18 K Ring
396,WearYourShine by PCJ The Joe Gold Diamond 18 K Ring
397,Shilpkala Casual Short Sleeve Printed Women's Top
398,Shilpkala Casual Sleeveless Solid Women's Top
399,Shilpkala Casual Cape Sleeve Printed Women's Top
400,Shilpkala Casual Bell Sleeve Printed Women's Top
401,Shilpkala Casual Sleeveless Printed Women's Top
402,Shilpkala Casual Sleeveless Embellished Women's Top
403,Shilpkala Casual Short Sleeve Printed Women's Top
404,Shilpkala Casual Sleeveless Printed Women's Top
405,Shilpkala Casual Sleeveless Printed Women's Top
406,Shilpkala Casual Sleeveless Printed Women's Top
407,Shilpkala Casual Bell Sleeve Printed Women's Top
408,Shilpkala Casual Sleeveless Printed Women's Top
409,Shilpkala Casual Sleeveless Printed Women's Top
410,Shilpkala Casual Sleeveless Self Design Women's Top
411,BlueStone The Juliette Yellow Gold Diamond 18 K Ring
412,Karatcraft Om Gold Diamond 18 K Ring
413,Karatcraft Dulce Gold Diamond 18 K Ring
414,"Soie Casual, Festive, Formal, Lounge Wear, Party Sleeveless Embellished, Solid Women's Top"
415,Aaliya Casual Sleeveless Embellished Women's Top
416,Karatcraft Robini Emerald Gold Diamond 18 K Ring
417,"@499 Casual, Festive, Formal, Lounge Wear, Party Sleeveless Embellished Women's Top"
418,Karatcraft Om Gold Diamond 18 K Ring
419,Lee Mark Men's Solid Formal Shirt
420,Kairaa Lounge Wear Sleeveless Embellished Women's Top
421,Soie Casual Sleeveless Solid Women's Top
422,Hichkii Casual Cape Sleeve Embroidered Women's Top
423,"Soie Casual, Festive, Formal, Lounge Wear, Party Sleeveless Solid Women's Top"
424,Clara Certified Katela 8.3 cts or 9.25 ratti Zoya Sterling Silver Amethyst Ring
425,Clara Certified Katela 6.5 cts or 7.25 ratti Elegant Sterling Silver Amethyst Ring
426,Clara Certified Katela 3.9 cts or 4.25 ratti Stunning Sterling Silver Amethyst Ring
427,SPECIES Striped Round Neck Women's Sweater
428,Clara Certified Katela 6.5 cts or 7.25 ratti 4 Prongs Sterling Silver Amethyst Ring
429,Clara Certified Katela 5.5 cts or 6.25 ratti Elegant Sterling Silver Amethyst Ring
430,Clara Certified Katela 3 cts or 3.25 ratti 4 Prongs Sterling Silver Amethyst Ring
431,BlueStone The Princess Gold Diamond 18 K Ring
432,Varanga Casual Short Sleeve Printed Women's Top
433,Varanga Casual Short Sleeve Printed Women's Top
434,Orous Casual 3/4 Sleeve Printed Women's Top
435,Lovelady Wedding Lingerie Set
436,Nishtaa Yellow Gold Cubic Zirconia 22 K Ring
437,Jaune Women's Sheath Dress
438,Living World by Home Stop Solid Wood Display Unit
439,Status Quo Men's Solid Casual Shirt
440,"Asian Gems & Jewels 6.25 Ratti 5 Dhaatu Sterling Silver, Metal, Alloy Cat's Eye NA K Ring"
441,"Asian Gems & Jewels 5 Dhaatu Metal, Alloy Zircon Ring"
442,"Sarva Casual, Party Sleeveless Self Design, Printed Women's Top"
443,"Sarva Party, Casual Sleeveless Self Design Women's Top"
444,PrettyPataka Party Full Sleeve Woven Women's Top
445,"Sarva Party, Formal, Casual Sleeveless Embellished Women's Top"
446,"Tenn Casual, Party Sleeveless Floral Print Women's Top"
447,Maggie Party Sleeveless Floral Print Women's Top
448,"Retaaz Casual, Party, Festive Sleeveless Floral Print Women's Top"
449,"Retaaz Casual, Party, Festive Sleeveless Floral Print Women's Top"
450,Bostan Running Shoes
451,"Urban Fashion Bank Casual, Party, Festive, Lounge Wear Sleeveless Embellished Women's Top"
452,Wowww Casual Short Sleeve Solid Women's Top
453,"Urban Fashion Bank Casual, Party, Festive, Lounge Wear Sleeveless Printed Women's Top"
454,Urban Fashion Bank Casual 3/4 Sleeve Solid Women's Top
455,Hangover Solid Round Neck Women's Sweater
456,Elson Self Design V-neck Women's Sweater
457,WearYourShine by PCJ The Adriyel Gold Diamond 18 K Ring
458,"Asian Gems & Jewels 5.25 Ratti 5 Dhaatu Sterling Silver, Metal, Alloy Coral Ring"
459,TeeMoods Casual Full Sleeve Striped Women's Top
460,TeeMoods Casual Full Sleeve Striped Women's Top
461,Colbrii Casual Full Sleeve Printed Women's Top
462,"KuberBox Ravishing Ring White Gold Diamond, Topaz 14K White Gold 14 K Ring"
463,My Addiction Casual Full Sleeve Embroidered Women's Top
464,"SFDS Casual, Formal, Party Full Sleeve Printed Women's Top"
465,"Membooz Casual, Party Short Sleeve Self Design Women's Top"
466,Sheezworld Casual Full Sleeve Self Design Women's Top
467,Karatcraft Wadell Gold Diamond 18 K Ring
468,Karatcraft Twinoh Gold Diamond 18 K Ring
469,Karatcraft Clariz Gold Diamond 18 K Ring
470,Herberto Girl's A-line Dress
471,Karatcraft Solitana Gold Diamond 18 K Ring
472,Karatcraft Celebra Gold Diamond 18 K Ring
473,Kids On Board Girl's Gathered Dress
474,ABHIRA Girl's A-line Dress
475,Herberto Girl's High Low Dress
476,Herberto Girl's A-line Dress
477,Fasense Women's Nighty
478,Megha Casual Short Sleeve Printed Women's Top
479,Karatcraft Duilla Ruby Gold Diamond 18 K Ring
480,Karatcraft Journa Gold Diamond 18 K Ring
481,CaratLane Fantasia Band White Gold Diamond 18 K Ring
482,Karigaari Set Of 5 Adivasi Doing Merry On Trumpet Showpiece  -  30 cm
483,WearYourShine by PCJ The Sharman Gold Diamond 18 K Ring
484,"SFDS Casual, Formal, Party Short Sleeve Self Design Women's Top"
485,"SFDS Casual, Formal, Party Sleeveless Self Design Women's Top"
486,"SFDS Casual, Formal, Party Sleeveless Self Design Women's Top"
487,"SFDS Casual, Formal, Party Short Sleeve Self Design Women's Top"
488,"SFDS Casual, Formal, Party Sleeveless Self Design Women's Top"
489,Nishtaa Yellow Gold 22 K Ring
490,"SFDS Casual, Formal, Party Sleeveless Self Design Women's Top"
491,"SFDS Casual, Formal, Party Short Sleeve Self Design Women's Top"
492,Totta Pouch for Sony Xperia M5 Dual
493,Lee Mark Men's Solid Formal Shirt
494,"Kalakruti K Jewellery B Jewelry box, Makeup Vanity Multi Purpose"
495,Karatcraft Trilic Gold Diamond 18 K Ring
496,Karatcraft Wadell Gold Diamond 18 K Ring
497,YNA Aviator Sunglasses
498,Ditu&Kritu Warrior Aviator Sunglasses
499,American Crew Solid Women's Track Pants
500,Allen Solly Girl's Gathered Dress
501,Abr Casual Shoes
502,Allen Solly Girl's A-line Dress
503,Allen Solly Girl's Gathered Dress
504,Allen Solly Girl's Shift Dress
505,Petals Girl's Gathered Dress
506,Allen Solly Girl's Layered Dress
507,Karatcraft Donna Gold Diamond 18 K Ring
508,Absurd Full Sleeve Solid Men's Sweatshirt
509,Escocer Women's Leggings
510,Absurd Full Sleeve Solid Men's Reversible Sweatshirt
511,Absurd Full Sleeve Solid Men's Sweatshirt
512,Selfcare Soft & Comfortable Newly Launched Girl's Top - Pyjama Set
513,Selfcare Soft & Comfortable Newly Launched Girl's Top - Pyjama Set
514,WearYourShine by PCJ The Melina Gold Diamond 18 K Ring
515,WearYourShine by PCJ The Radelle Diamond Gold Diamond Yellow Gold 18 K Ring
516,WearYourShine by PCJ The Helaine Gold Diamond 18 K Ring
517,Ozel Studio Casual 3/4 Sleeve Solid Women's Top
518,Ozel Studio Casual Sleeveless Solid Women's Top
519,Shopaholic Casual 3/4 Sleeve Solid Women's Top
520,Fashion Flow+ Women's Leggings
521,Ozel Studio Casual Short Sleeve Solid Women's Top
522,Ozel Studio Casual Full Sleeve Solid Women's Top
523,Shilpi Casual Cape Sleeve Solid Women's Top
524,Yepme Casual Short Sleeve Solid Women's Top
525,Ozel Studio Casual Sleeveless Solid Women's Top
526,Ozel Studio Casual Full Sleeve Solid Women's Top
527,CaratLane Swish Ray White Gold Diamond 18 K Ring
528,WearYourShine by PCJ The Maryse Diamond Gold Diamond Yellow Gold 18 K Ring
529,Claude Lorrain Black Casuals Shoes
530,Steppings Running Shoes Casuals Shoes
531,Steppings Wedges Casuals Shoes
532,Steppings Running Shoes Casuals Shoes
533,Bonzer Bellies
534,Araanz by Tribhovandas Bhimji Zaveri Delhi Gold Diamond 18K Yellow Gold 18 K Ring
535,Nishtaa Yellow Gold 22 K Ring
536,Nishtaa Yellow Gold 22 K Ring
537,Gritstones Solid Women's Track Pants
538,Gritstones Solid Women's Track Pants
539,Gritstones Solid Women's Track Pants
540,Gritstones Solid Women's Track Pants
541,Tapyti Casual Sleeveless Solid Women's Top
542,Tapyti Casual Short Sleeve Solid Women's Top
543,Tapyti Casual Short Sleeve Solid Women's Top
544,Tapyti Casual 3/4 Sleeve Solid Women's Top
545,Tapyti Casual Sleeveless Solid Women's Top
546,United Colors of Benetton Solid Round Neck Casual Women's Sweater
547,Bonzer Bellies
548,Bonzer Bellies
549,BlueStone The Twin Wingflow Yellow Gold Diamond 18 K Ring
550,Allen Solly Girl's Shift Dress
551,Allen Solly Girl's Gathered Dress
552,Ozel Studio Casual Full Sleeve Printed Women's Top
553,Ozel Studio Casual Full Sleeve Solid Women's Top
554,Ozel Studio Casual Sleeveless Printed Women's Top
555,Gee & Bee Casual Printed Women's Kurti
556,WearYourShine by PCJ The Skyrah Gold Diamond 18 K Ring
557,WearYourShine by PCJ The Dawnetta Gold Diamond 18 K Ring
558,TeeMoods Casual Full Sleeve Striped Women's Top
559,TeeMoods Casual Full Sleeve Striped Women's Top
560,TeeMoods Casual Full Sleeve Striped Women's Top
561,TeeMoods Casual Full Sleeve Striped Women's Top
562,TeeMoods Casual Full Sleeve Striped Women's Top
563,TeeMoods Casual Full Sleeve Striped Women's Top
564,TeeMoods Casual Full Sleeve Striped Women's Top
565,TeeMoods Casual Full Sleeve Striped Women's Top
566,The Clove Casual 3/4 Sleeve Striped Women's Top
567,Nun Casual Full Sleeve Striped Women's Top
568,Moda Vastra Casual 3/4 Sleeve Graphic Print Women's Top
569,Nishtaa Yellow Gold 22 K Ring
570,Cation Casual 3/4 Sleeve Solid Women's Top
571,Cation Casual Short Sleeve Solid Women's Top
572,Cation Casual 3/4 Sleeve Solid Women's Top
573,Nishtaa Yellow Gold 22 K Ring
574,"Cation Casual Short Sleeve, 3/4 Sleeve Solid Women's Top"
575,Shopaholic Casual 3/4 Sleeve Solid Women's Top
576,Fundoo T Full Sleeve Solid Men's Sweatshirt
577,Cation Casual 3/4 Sleeve Printed Women's Top
578,Fundoo T Full Sleeve Solid Men's Sweatshirt
579,Goddess Women Casual 3/4 Sleeve Solid Women's Top
580,BownBee Girl's Gathered Dress
581,Fundoo T Full Sleeve Solid Men's Sweatshirt
582,Herberto Girl's A-line Dress
583,Fundoo T Full Sleeve Solid Men's Sweatshirt
584,Herberto Girl's A-line Dress
585,Fundoo T Full Sleeve Solid Men's Sweatshirt
586,Herberto Girl's High Low Dress
587,Fundoo T Full Sleeve Solid Men's Sweatshirt
588,Herberto Girl's A-line Dress
589,Herberto Girl's A-line Dress
590,Jewels Of Jaipur Gold Ruby Yellow Gold 14 K Ring
591,Jewels Of Jaipur Gold Ruby Yellow Gold 14 K Ring
592,"BlueStone The Ziva Yellow Gold Diamond, Emerald 18 K Ring"
593,United Colors of Benetton Striped Round Neck Casual Women's Sweater
594,United Colors of Benetton Solid Round Neck Casual Women's Sweater
595,Tapyti Casual Full Sleeve Solid Women's Top
596,Only Party Short Sleeve Solid Women's Top
597,Elisabetta Bartolli Party Short Sleeve Solid Women's Top
598,Tapyti Casual Short Sleeve Solid Women's Top
599,MSL Women Flats
600,Tapyti Party Sleeveless Solid Women's Top
601,Nishtaa Yellow Gold 22 K Ring
602,JDX Plain Bed/Sleeping Pillow
603,Cation Casual 3/4 Sleeve Solid Women's Top
604,JDX Plain Bed/Sleeping Pillow
605,Cation Casual 3/4 Sleeve Solid Women's Top
606,JDX Plain Bed/Sleeping Pillow
607,Cation Casual Short Sleeve Solid Women's Top
608,DailyObjects Back Cover for iPad Mini/Retina Display
609,Life by Shoppers Stop Women's Gathered Dress
610,Kiara Jewellery Sterling Silver Cubic Zirconia Rhodium Ring
611,Kiara Jewellery Sterling Silver Cubic Zirconia Rhodium Ring
612,Calgari Women's Gathered Dress
613,Dumdaar.com Women's Gathered Dress
614,Kiara Jewellery Sterling Silver Cubic Zirconia Rhodium Ring
615,Kiara Jewellery Silver Cubic Zirconia Rhodium Ring
616,Krasns Couture Formal Sleeveless Solid Women's Top
617,Forever Fashion Casual Sleeveless Solid Women's Top
618,JDX Plain Bed/Sleeping Pillow
619,JDX Plain Bed/Sleeping Pillow
620,JDX Plain Bed/Sleeping Pillow
621,Ishtaa Gold Cubic Zirconia 18 K Ring
622,Selfcare Soft & Comfortable Newly Launched Girl's Top - Pyjama Set
623,Selfcare Soft & Comfortable Newly Launched Girl's Top
624,Selfcare Soft & Comfortable Newly Launched Girl's Pyjama
625,Selfcare Soft & Comfortable Newly Launched Girl's Pyjama
626,Selfcare Soft & Comfortable Newly Launched Girl's Pyjama
627,Selfcare Soft & Comfortable Newly Launched Girl's Top
628,Selfcare Girl's Top - Pyjama Set
629,BlueStone The Sestet Yellow Gold Diamond 14 K Ring
630,YK Self Design Round Neck Casual Boy's Sweater
631,Addyvero Geometric Print Round Neck Casual Boy's Sweater
632,Next Steps Striped Round Neck Casual Boy's Sweater
633,BlueStone The Elettra Yellow Gold Diamond 18 K Ring
634,Herberto Girl's A-line Dress
635,Ozel Studio Casual Full Sleeve Floral Print Women's Top
636,Navaksha Necktie Men's  Combo
637,Navaksha Necktie Men's  Combo
638,Navaksha Necktie Men's  Combo
639,Navaksha Necktie Men's  Combo
640,Navaksha Necktie Men's  Combo
641,Navaksha Necktie Men's  Combo
642,Superkids Solid Round Neck Casual Boy's Sweater
643,Bells And Whistles Striped Round Neck Boy's Sweater
644,Babeezworld Solid Round Neck Boy's Sweater
645,BlueStone The Crocio Band Yellow Gold Diamond 14 K Ring
646,Betty Girl's Maxi Dress
647,Betty Girl's Maxi Dress
648,Betty Girl's Maxi Dress
649,Betty Girl's Maxi Dress
650,Betty Girl's Maxi Dress
651,Betty Girl's Maxi Dress
652,Betty Girl's Maxi Dress
653,Betty Girl's Maxi Dress
654,Betty Girl's Maxi Dress
655,Karatcraft Risena Gold Diamond 18 K Ring
656,Nineteen Casual Bell Sleeve Solid Women's Top
657,Imagination Casual Full Sleeve Solid Women's Top
658,Imagination Casual Full Sleeve Solid Women's Top
659,Imagination Casual Full Sleeve Striped Women's Top
660,Klick Casual Full Sleeve Solid Women's Top
661,NOD Casual Full Sleeve Solid Women's Top
662,Besiva Casual Full Sleeve Solid Women's Top
663,Imagination Casual Full Sleeve Solid Women's Top
664,Cation Casual Short Sleeve Solid Women's Top
665,Cation Casual 3/4 Sleeve Solid Women's Top
666,Yna Wayfarer Sunglasses
667,TeeMoods Casual Short Sleeve Solid Women's Top
668,TeeMoods Casual Short Sleeve Solid Women's Top
669,TeeMoods Casual Full Sleeve Solid Women's Top
670,Karatcraft Triniya Promise Gold Diamond 18 K Ring
671,Aaliya Casual Sleeveless Solid Women's Top
672,Karatcraft Citra Engagement Gold Diamond 18 K Ring
673,Cation Casual Short Sleeve Solid Women's Top
674,Cation Casual Short Sleeve Solid Women's Top
675,Cation Casual 3/4 Sleeve Solid Women's Top
676,Cation Casual 3/4 Sleeve Solid Women's Top
677,"Cation Casual Short Sleeve, Sleeveless Solid Women's Top"
678,Cation Casual Sleeveless Solid Women's Top
679,Paprika Party Sleeveless Solid Women's Top
680,Yepme Women Flats
681,Karatcraft Sima Gold Diamond 18 K Ring
682,Stilestreet Casual Short Sleeve Solid Women's Top
683,Gag Wear Casual Short Sleeve Solid Women's Top
684,Karatcraft Ailey Band Gold Diamond 18 K Ring
685,Karatcraft Clariz Gold Diamond 18 K Ring
686,Foot Candy Women Heels
687,Foot Candy Women Heels
688,Foot Candy Women Heels
689,Foot Candy Women Heels
690,Kiara Jewellery Sterling Silver Cubic Zirconia Rhodium Ring
691,Kiara Jewellery Sterling Silver Cubic Zirconia Rhodium Ring
692,Kiara Jewellery Sterling Silver Cubic Zirconia Rhodium Ring
693,Kiara Jewellery Sterling Silver Cubic Zirconia Rhodium Ring
694,Kiara Jewellery Sterling Silver Cubic Zirconia Rhodium Ring
695,Kiara Jewellery Sterling Silver Cubic Zirconia Rhodium Ring
696,Kiara Jewellery KIR0344 Silver Cubic Zirconia Rhodium Ring
697,Kiara Jewellery Sterling Silver Cubic Zirconia Rhodium Ring
698,Navaksha Necktie Men's  Combo
699,Navaksha Necktie Men's  Combo
700,Navaksha Necktie Men's  Combo
701,Navaksha Necktie Men's  Combo
702,Navaksha Necktie Men's  Combo
703,Navaksha Necktie Men's  Combo
704,Navaksha Necktie Men's  Combo
705,Navaksha Necktie Men's  Combo
706,Navaksha Necktie Men's  Combo
707,Navaksha Necktie Men's  Combo
708,Navaksha Necktie Men's  Combo
709,Navaksha Necktie Men's  Combo
710,C&S Shopping Gallery Women's Leggings
711,Riva Carpets Cotton Free Bath Mat Classic Shag Bathmat-RI-04
712,Riva Carpets Cotton Free Bath Mat Classic Loop Shag Bathmat_RI-527
713,Riva Carpets Cotton Free Bath Mat Classic Shag Bathmat-RI-04
714,Riva Carpets Cotton Free Bath Mat Classic Shag Bathmat-RI-04
715,Riva Carpets Cotton Free Bath Mat Classic Shag Bathmat-RI-04
716,Karatcraft Klytie Gold Diamond 18 K Ring
717,Lamere Women Flats
718,Karatcraft Klytie Gold Diamond 18 K Ring
719,Karatcraft Robini Emerald Gold Diamond 18 K Ring
720,Karatcraft Trilic Gold Diamond 18 K Ring
721,Allure Silver Amethyst Sterling Silver Ring
722,Kiara Jewellery Sterling Silver Swarovski Crystal Yellow Gold Ring
723,Kiara Jewellery Sterling Silver Cubic Zirconia Rhodium Ring
724,CurVy Q Casual Butterfly Sleeve Solid Women's Top
725,Karatcraft Clariz Gold Diamond 18 K Ring
726,Kiara Jewellery Sterling Silver Cubic Zirconia Rhodium Ring
727,Kiara Jewellery Sterling Silver Cubic Zirconia Rhodium Ring
728,Kiara Jewellery Sterling Silver Cubic Zirconia Rhodium Ring
729,"Majori Casual, Festive, Party Short Sleeve Floral Print Women's Top"
730,Uptownie Lite Party Short Sleeve Floral Print Women's Top
731,Zastraa Party Full Sleeve Embroidered Women's Top
732,Karatcraft Musimi Gold Diamond 18 K Ring
733,Navaksha Necktie Men's  Combo
734,Navaksha Necktie Men's  Combo
735,Posto Necktie Men's  Combo
736,G-Luck Silver Turquoise NA K Ring
737,G-Luck Silver Turquoise NA K Ring
738,G-Luck Silver Turquoise NA K Ring
739,FabAlley Casual Short Sleeve Solid Women's Top
740,Navaksha Necktie Men's  Combo
741,FabAlley Casual Sleeveless Solid Women's Top
742,Navaksha Necktie Men's  Combo
743,Navaksha Necktie Men's  Combo
744,Navaksha Necktie Men's  Combo
745,FabAlley Casual Short Sleeve Solid Women's Top
746,Navaksha Necktie Men's  Combo
747,Navaksha Necktie Men's  Combo
748,Navaksha Necktie Men's  Combo
749,FabAlley Casual Sleeveless Printed Women's Top
750,FabAlley Casual Sleeveless Solid Women's Top
751,FabAlley Casual Sleeveless Solid Women's Top
752,The Vanca Formal Sleeveless Printed Women's Top
753,Zoysia Casual 3/4 Sleeve Solid Women's Top
754,Nell Women Heels
755,Anaya Women Heels
756,Bellafoz Women Heels
757,Bellafoz Women Heels
758,Bellafoz Women Heels
759,Klick2Style Casual Sleeveless Solid Women's Top
760,Ishtaa Gold Cubic Zirconia 18 K Ring
761,Vastra Valley Girl's A-line Dress
762,Beebay Girl's A-line Dress
763,Kidzblush Girl's A-line Dress
764,Vastra Valley Girl's Gathered Dress
765,My Little Joy Casual Short Sleeve Printed Girl's Top
766,My Little Joy Casual Short Sleeve Printed Girl's Top
767,My Little Joy Casual Short Sleeve Printed Baby Girl's Top
768,Wise Guys Pouch for Lenovo S880
769,Kiara Jewellery Sterling Silver Cubic Zirconia Rhodium Ring
770,Kiara Jewellery Sterling Silver Swarovski Crystal Yellow Gold Ring
771,Kiara Jewellery Sterling Silver Cubic Zirconia Rhodium Ring
772,"BlueStone Sylvan Lattice Yellow Gold Diamond, Pearl 18 K Ring"
773,United Colors of Benetton Solid Round Neck Casual Women's Sweater
774,United Colors of Benetton Solid Round Neck Casual Women's Sweater
775,Navaksha Necktie Men's  Combo
776,Navaksha Necktie Men's  Combo
777,Karatcraft Duma Stackable Gold Diamond 18 K Ring
778,Tapyti Casual 3/4 Sleeve Solid Women's Top
779,Navaksha Necktie Men's  Combo
780,G-Luck Gomed Stone Weight - 12.3 Carat / 14.47 Ratti Silver Garnet Ring
781,Navaksha Necktie Men's  Combo
782,Tapyti Casual Full Sleeve Solid Women's Top
783,Kundali Gold Topaz 18 K Ring
784,Navaksha Necktie Men's  Combo
785,Tapyti Casual Sleeveless Solid Women's Top
786,Miss Chase Casual Sleeveless Solid Women's Top
787,Nine Lions Bollywood Fashion Casual Short Sleeve Solid Women's Top
788,BlueStone The Ciara for her Yellow Gold Diamond 18 K Ring
789,Wrangler Men's Casual Shirt
790,Sequences Girl's A-line Dress
791,For Kids Girl's A-line Dress
792,Akshadha Girl's A-line Dress
793,Herberto Girl's A-line Dress
794,For Kids Girl's A-line Dress
795,De Kafal Girl's Gathered Dress
796,Rute Floral Print Women's Round Neck T-Shirt
797,Indian Gems And Jewells Certified 2 Cts Sterling Silver Ruby Ring
798,Karatcraft Valusha Gold Diamond 18 K Ring
799,Elite Neckties Necktie Men's  Combo
800,Kundali Pukhraj Stone Weight - 3.8 Carat / 4.47 Ratti Gold Sapphire 18 K Ring
801,"Lee Solid V-neck Casual, Party Men's Sweater"
802,Myesquire Square Pot Aroma Electric Burner Lemongrass Liquid Air Freshener
803,Myesquire Black and White Aroma Burner Combo Lemongrass Liquid Air Freshener
804,Myesquire Oval Electric Aroma Lemongrass Liquid Air Freshener
805,Myesquire Oval Electric Aroma Lemongrass Liquid Air Freshener
806,Pulpypapaya Self Design Women's Round Neck T-Shirt
807,Kea Casual Sleeveless Solid Women's Top
808,Rampwalk Casual Sleeveless Solid Women's Top
809,Alibi Casual Sleeveless Solid Women's Top
810,Karatcraft Zunia Gold Diamond 18 K Ring
811,Karatcraft Bibiana Gold Diamond 18 K Ring
812,"BlueStone The Rajeshwari White Gold Diamond, Emerald, Ruby 18 K Ring"
813,Fundoo T Printed Men's Track Suit
814,Tapyti Casual Sleeveless Solid Women's Top
815,Miss Chase Casual Sleeveless Solid Women's Top
816,Miss Chase Casual Sleeveless Solid Women's Top
817,Nine Lions Bollywood Fashion Party Sleeveless Solid Women's Top
818,Parron Men's Solid Casual Shirt
819,Parron Men's Solid Casual Shirt
820,Parron Men's Printed Casual Shirt
821,Parron Men's Solid Casual Shirt
822,Parron Men's Solid Casual Shirt
823,Modo Vivendi Casual Sleeveless Solid Women's Top
824,Karatcraft Citra Engagement Gold Diamond 18 K Ring
825,Karatcraft Journa Gold Diamond 18 K Ring
826,R Factor Casual Sleeveless Geometric Print Women's Top
827,Mangosteen Casual 3/4 Sleeve Printed Women's Top
828,Karatcraft Raciel Gold Diamond 18 K Ring
829,Modo Vivendi Casual Short Sleeve Solid Women's Top
830,Modo Vivendi Casual Sleeveless Solid Women's Top
831,Enah Casual Sleeveless Printed Women's Top
832,IskiUski Medieval Sterling Silver Diamond 22K Yellow Gold Ring
833,Kaaryah Casual Short Sleeve Solid Women's Top
834,Allen Solly Casual Short Sleeve Solid Women's Top
835,Alibi Casual Short Sleeve Solid Women's Top
836,Butterfly Wears Casual Short Sleeve Solid Women's Top
837,Juelle Casual Sleeveless Solid Women's Top
838,French Creations Casual Short Sleeve Solid Women's Top
839,Myesquire Ceramic Coffee Burner Pot Lemongrass Liquid Air Freshener
840,Myesquire Blue Green Aroma Burner Combo Lemongrass Liquid Air Freshener
841,Myesquire White Brown Aroma Burner Combo Lemongrass Liquid Air Freshener
842,Myesquire Brown Aroma Burner Combo Lemongrass Liquid Air Freshener
843,Myesquire Ceramic Burner Pot Lemongrass Liquid Air Freshener
844,Myesquire Ceramic Burner Pot Lemongrass Liquid Air Freshener
845,"BlueStone The Golden Arm Yellow Gold Diamond, Pearl 18 K Ring"
846,612 League Girl's Gathered Dress
847,612 League Girl's Gathered Dress
848,612 League Girl's Gathered Dress
849,612 League Girl's Gathered Dress
850,Cation Casual Short Sleeve Solid Women's Top
851,Blacksoul Casual Short Sleeve Solid Women's Top
852,Jewlook Neck Tie Men's  Combo
853,Palette Casual Sleeveless Solid Women's Top
854,Rampwalk Casual Sleeveless Solid Women's Top
855,Rampwalk Casual Sleeveless Solid Women's Top
856,The Vanca Casual 3/4 Sleeve Polka Print Women's Top
857,The Vanca Casual 3/4 Sleeve Solid Women's Top
858,Komnil Solid Women's Polo T-Shirt
859,Kaaryah Formal Short Sleeve Solid Women's Top
860,Kaaryah Formal Sleeveless Solid Women's Top
861,H E Creations Brass Cubic Zirconia Yellow Gold Ring
862,Aaliya Festive Full Sleeve Solid Women's Top
863,Kaaryah Formal Short Sleeve Solid Women's Top
864,Schwof Casual Full Sleeve Solid Women's Top
865,Schwof Party Full Sleeve Solid Women's Top
866,Aaliya Festive Full Sleeve Self Design Women's Top
867,Kaaryah Formal Sleeveless Solid Women's Top
868,Kaaryah Formal Sleeveless Solid Women's Top
869,Waves Girl's A-line Dress
870,612 League Girl's Shift Dress
871,Oxolloxo Girl's A-line Dress
872,Kaaryah Casual Sleeveless Solid Women's Top
873,Kaaryah Casual 3/4 Sleeve Printed Women's Top
874,My Addiction Casual Short Sleeve Printed Women's Top
875,Colors Couture Casual Short Sleeve Printed Women's Top
876,Life by Shoppers Stop Casual Short Sleeve Applique Women's Top
877,Life by Shoppers Stop Casual Sleeveless Solid Women's Top
878,WearYourShine by PCJ The Midori Gold Diamond 18 K Ring
879,Roadster Casual Short Sleeve Printed Women's Top
880,Trend Arrest Casual 3/4 Sleeve Solid Women's Top
881,Karatcraft Duilla Ruby Gold Diamond 18 K Ring
882,"BlueStone The Beatrice White Gold Diamond, Pearl 14 K Ring"
883,Jacknjewel Astonishing Gold Pearl 18K White Gold 18 K Ring
884,"KuberBox Sortil√®ge Pearl Gold Diamond, Pearl 14K White Gold 14 K Ring"
885,JacknJewel Gold Pearl Yellow Gold 14 K Ring
886,FabAlley Casual Full Sleeve Solid Women's Top
887,Ishin Casual Full Sleeve Solid Women's Top
888,Ishin Casual Full Sleeve Solid Women's Top
889,Showoff Casual Sleeveless Solid Women's Top
890,Bedazzle Casual Sleeveless Solid Women's Top
891,Yepme Casual Sleeveless Solid Women's Top
892,Zenescope Entertainment Wonderland The Board Game
893,Twilight Creations Humans 3 Zombiecon Board Game
894,Dungri India Craft Ducjug008-ducgl017-2 Jug Glass Set
895,Dungri India Craft Ducjug010-ducgl012-2 Jug Glass Set
896,Newworld RTNE Pack Of One -583 Tempered Glass for Xiaomi Mi 4i
897,Newworld RTNE Pack Of One -446 Tempered Glass for Intex Aqua Sense
898,Hariom Enterprises Polypropylene Stick Folders
899,Hariom Enterprises Polypropylene Plastic file cover
900,BFT 6 W LED Bulb
901,Lamy Screen Metalic with Stylus Ball Pen
902,Medimix Transparent with Glycerine And Lakshadi
903,American-Elm Solid Men's Waistcoat
904,BFT 6 W LED Cool White Bulb
905,LG MC3286BLT 32 L Convection Microwave Oven
906,BFT 9 W LED Bulb
907,Raymond Checkered Men's Waistcoat
908,BFT 9 W LED Bulb
909,Furst USB Adapter with Cable For Dzire VC Battery Charger
910,Furst USB Adapter with Cable For Mt X (2nd Gen) Battery Charger
911,Furst USB Adapter with Cable For Lnvo Vibe P1M Battery Charger
912,Furst USB Adapter with Cable For A7 Battery Charger
913,Furst USB Adapter with Cable For Dzire SV Battery Charger
914,Furst USB Adapter with Cable For Xp Z5 Battery Charger
915,Furst USB Adapter with Cable For Lnvo Sisley S90 Battery Charger
916,Furst USB Adapter with Cable For One Dual Sim Battery Charger
917,Furst USB Adapter with Cable For Core Prime Battery Charger
918,Furst USB Adapter with Cable For Xp Miro Battery Charger
919,KalaBhawan Stair Sculpture Showpiece  -  39 cm
920,Serebroarts Iron Decorative Platter
921,Sunrise Showpiece  -  28 cm
922,Sassy Stripes Full Sleeve Printed Women's Jacket
923,Jayanti sarees Party Embroidered Women's Kurti
924,JMD Printed Cushions Cover
925,Mom and Kid Baby Girl's Printed Green Top & Pyjama Set
926,reckonon red heart 011 Umbrella
927,Zebra Outdoors
928,JMD Printed Cushions Cover
929,Devinez Home Liquid Air Freshener
930,Kripa's Printed Cushions Cover
931,ROSEMOORE Home Gel Air Freshener
932,Itiha Home Liquid Air Freshener
933,Itiha Home Liquid Air Freshener
934,Itiha Home Liquid Air Freshener
935,"Mom and Kid Baby Girl's Printed Blue, Grey Top & Pyjama Set"
936,"Mynte Solid Women's Cycling Shorts, Gym Shorts, Swim Shorts"
937,"Mynte Solid Women's Cycling Shorts, Gym Shorts, Swim Shorts"
938,TRESemme Naturals Nourishing Moisture Conditioner Aloe Vera And Avocado
939,AKUP love-music Ceramic Mug
940,"Mynte Solid Women's Cycling Shorts, Gym Shorts, Swim Shorts"
941,AKUP beautiful Ceramic Mug
942,"Mynte Solid Women's Cycling Shorts, Gym Shorts, Swim Shorts"
943,"Mynte Solid Women's Cycling Shorts, Gym Shorts, Swim Shorts"
944,MohanJodero Showpiece  -  46 cm
945,Burt s Bees Hair Repair Shea And Grapefruit Deep Conditioner
946,"Mynte Solid Women's Cycling Shorts, Gym Shorts, Swim Shorts"
947,AKUP happy-thanks-giving Ceramic Mug
948,AKUP i-loves-music Ceramic Mug
949,"Mynte Solid Women's Cycling Shorts, Gym Shorts, Swim Shorts"
950,AKUP dream-big-work-hard Ceramic Mug
951,AKUP i-love-my-mom Ceramic Mug
952,AKUP one-gud-thing-about-music Ceramic Mug
953,AKUP dad-a-daughters-first-love Ceramic Mug
954,AKUP happy-mothers-day Ceramic Mug
955,AKUP i-love-music Ceramic Mug
956,AKUP keep-calm Ceramic Mug
957,AKUP ur-own-kind Ceramic Mug
958,AKUP i-love-dubstep Ceramic Mug
959,AKUP i-creid-because Ceramic Mug
960,D-Link DAP1320
961,"Mynte Solid Women's Cycling Shorts, Gym Shorts, Swim Shorts"
962,AKUP league-of-legends Ceramic Mug
963,Suave Naturals Everlasting Sunshine Conditioner
964,"Mynte Solid Women's Cycling Shorts, Gym Shorts, Swim Shorts"
965,AKUP life-is-not-living Ceramic Mug
966,"Mynte Solid Women's Cycling Shorts, Gym Shorts, Swim Shorts"
967,"Mynte Solid Women's Cycling Shorts, Gym Shorts, Swim Shorts"
968,"Mynte Solid Women's Cycling Shorts, Gym Shorts, Swim Shorts"
969,"Mynte Solid Women's Cycling Shorts, Gym Shorts, Swim Shorts"
970,AKUP crazy-women Ceramic Mug
971,AKUP be-urr-own-hero 1 Ceramic Mug
972,Dove Hair Therapy Daily Moisture Conditioner
973,AKUP i-love-stories Ceramic Mug
974,AKUP happy-new-year-love- Ceramic Mug
975,AKUP because-i-have-a-brother Ceramic Mug
976,"Mynte Solid Women's Cycling Shorts, Gym Shorts, Swim Shorts"
977,AKUP without-the-rain Ceramic Mug
978,Paul Mitchell Tea Tree Lavender Mint Moisturizing Unisex Conditioner
979,"Mynte Solid Women's Cycling Shorts, Gym Shorts, Swim Shorts"
980,"Mynte Solid Women's Cycling Shorts, Gym Shorts, Swim Shorts"
981,"Mynte Solid Women's Cycling Shorts, Gym Shorts, Swim Shorts"
982,RoQ Slim Multimedia 105key Flexible Wired USB Flexible Keyboard
983,BrandTrendz Bellies
984,Crocs Boys Sandals
985,Com-Paint Decor Paint Spray Paint Bottle
986,MERIL Casual Full Sleeve Printed Women's Top
987,"Asian Aura Electric Burner Rose, Vanilla Liquid Air Freshener"
988,Niremo Loafers
989,Aadyaa Collections Alloy Bangle Set
990,INDRICKA Casual Butterfly Sleeve Solid Women's Top
991,Schtaron Loafers
992,D'clair Micromax Canvas Play 4G Q469 Battery Charger
993,"Herbal Jewellery Alloy, Wood Bracelet"
994,BrandTrendz Loafers
995,Riot Jeans Casual Short Sleeve Printed Women's Top
996,MERIL Casual Full Sleeve Printed Women's Top
997,Mount Nano MN 110 250 ml Wheel Tire Cleaner
998,V4STYLES Loafers
999,Carmity RN-020 Maruti Ciaz Car Grill Cover
1000,PHOCOS CX10 MPPT Solar Charge Controller
1001,INDRICKA Casual Roll-up Sleeve Solid Women's Top
1002,Dupli Color Spray Paint Bottle
1003,Schtaron Loafers
1004,TAB91 Casual Short Sleeve Printed Women's Top
1005,Trigcars I20 Car Grill Cover
1006,TAB91 Casual Short Sleeve Printed Women's Top
1007,HANSFOOTNFIT Casuals
1008,Selfiwear Casual 3/4 Sleeve Printed Women's Top
1009,S9 WOMEN Casual Sleeveless Solid Women's Top
1010,esoft Casual Short Sleeve Solid Women's Top
1011,"Imported Banknote Tester, ball pen Permanent Alcohol Dye Base Marker"
1012,esoft Casual Sleeveless Solid Women's Top
1013,D'clair Micromax A46 Battery Charger
1014,BrandTrendz Bellies
1015,Riot Jeans Casual Short Sleeve Printed Women's Top
1016,Pink Rose Alloy Bracelet
1017,esoft Casual Sleeveless Solid Women's Top
1018,D'clair Huwai Honor 4X Battery Charger
1019,esoft Casual 3/4 Sleeve Solid Women's Top
1020,Autofurnish Car Cover For Santro Xing
1021,Riot Jeans Casual Sleeveless Printed Women's Top
1022,CSBS Sale Perforated front Loafers
1023,i-gadgets Royal Enfield Thunderbird and Bottle opener Compass Key Chain
1024,INDRICKA Casual Full Sleeve Solid Women's Top
1025,D'clair Micromax Bolt Q324 Battery Charger
1026,MERIL Casual Full Sleeve Printed Women's Top
1027,Schtaron Loafers
1028,esoft Casual Short Sleeve Solid Women's Top
1029,DEEP FASHION Loafers
1030,Loreal Revitalift essence
1031,FIla ECHO Women Sports Sandals
1032,INDIANO Loafers
1033,DEEP FASHION Loafers
1034,BGS Alloy Kada
1035,Proganix Agave Nectar Plus Silica Curling Cream Plus Defrizzant Hair Styler
1036,Rainfun Car Cover For 800
1037,Niremo Loafers
1038,TAB91 Casual Short Sleeve Printed Women's Top
1039,DEEP FASHION Loafers
1040,esoft Casual Sleeveless Solid Women's Top
1041,MERIL Casual Full Sleeve Printed Women's Top
1042,Anno Dominii ADWB0000139 Watch Box
1043,PHOCOS Phocos CML 5A 12V/24V Solar Charge Controller MPPT Solar Charge Controller
1044,S9 WOMEN Casual Sleeveless Solid Women's Top
1045,Lovely Chick Loafers
1046,Pavers England Party Wear
1047,TAB91 Casual Short Sleeve Printed Women's Top
1048,"Wolfer Player Edition (Right Hand) Batting Gloves (XL, Green, White)"
1049,BrandTrendz Bellies
1050,Riot Jeans Casual Sleeveless Floral Print Women's Top
1051,"Wolfer Feather Weight (Right Hand) Batting Gloves (Youth, Silver, White)"
1052,esoft Casual Sleeveless Solid Women's Top
1053,Pink Rose Alloy Hand Thong
1054,Pink Rose Alloy Hand Thong
1055,"Neo strike Pro550youth Batting Gloves (Youth, Black, Red)"
1056,cm key 354 Wired USB Tablet Keyboard
1057,"Herbal Jewellery Resin, Wood Bracelet"
1058,D'clair Lava Al Fa Battery Charger
1059,Galaxy Car Cover For Micra
1060,D'clair Micromax Bolt A075 Battery Charger
1061,D'clair Micromax Canvas Engage A091 Battery Charger
1062,C Kreul Acrylic Color Bottle
1063,OASIS WALLCHARGER_G_03 Battery Charger
1064,GOLDEN GLOBE CD1 Battery Charger
1065,Krg Enterprises Denesigr Makeup Box Vanity Multi Purpose
1066,Escoda Round Paint Brushes
1067,OASIS WALLCHARGER_G_21 Battery Charger
1068,Cookart Elegant S.S. Handi With Hot Pot Pack of 4 Casserole Set
1069,Rainfun Solid Men's Raincoat
1070,Wardtrobe Women's Fit and Flare Dress
1071,Mineral Women's Maxi Dress
1072,Zastraa Women's Maxi Dress
1073,LA ATTIRE Women's A-line Dress
1074,Abony Women's Gathered Dress
1075,Zastraa Women's Maxi Dress
1076,Corona Slippers
1077,Corona Slippers
1078,Corona Slippers
1079,Mode Men's Floral Print Crew Length Socks
1080,Mode Men's Floral Print Crew Length Socks
1081,Mode Men's Floral Print Crew Length Socks
1082,JRB 1038 Smallest Mobile Powered By OTG Enabled Android Smart Phone Portable 1038 USB Fan
1083,Mode Men's Floral Print Crew Length Socks
1084,Digni Boots
1085,Fabiya Women's Bikini Panty
1086,Amadore Women's Black Leggings
1087,medha Women's Multicolor Leggings
1088,"Tullis Women's Purple, Pink, Green, Blue, Red, Black Leggings"
1089,Fabiya Women's Bikini Panty
1090,Fabiya Women's Bikini Panty
1091,Mode Men's Floral Print Crew Length Socks
1092,Mode Men's Floral Print Crew Length Socks
1093,Fabiya Women's Bikini Panty
1094,prored Men's Printed No Show Socks
1095,Delberto Boots
1096,Fabiya Women's Bikini Panty
1097,JRB 1019 Smallest Mobile Powered By OTG Enabled Android Smart Phone Portable 1019 USB Fan
1098,Fabiya Women's Bikini Panty
1099,vency creation A02 usb a110 Led Light
1100,Mode Men's Floral Print Crew Length Socks
1101,Tuelip Art Superfine Nib Sketch Pens
1102,Fabiya Women's Bikini Panty
1103,medha Women's Multicolor Leggings
1104,Uniross Compact 9V Battery Charger & 4U AA 1000 Series Rechargeable Battery  Camera Battery Charger
1105,medha Women's Multicolor Leggings
1106,medha Women's Multicolor Leggings
1107,medha Women's Multicolor Leggings
1108,BURDY Graphic Print Men's Polo Neck Dark Blue T-Shirt
1109,The Decor mart Leatherette Photo Frame
1110,Avyak Women's White Leggings
1111,Mode Men's Floral Print Crew Length Socks
1112,JRB 1033 Smallest Mobile Powered By OTG Enabled Android Smart Phone Portable 1033 USB Fan
1113,medha Women's Multicolor Leggings
1114,SD Extension Arm Rail Camera Mount
1115,JRB 1042 Smallest Mobile Powered By OTG Enabled Android Smart Phone Portable 1042 USB Fan
1116,Fabiya Women's Bikini Panty
1117,Fabiya Women's Bikini Panty
1118,DOUBLE HORSE Men's Solid No Show Socks
1119,"Tullis Women's White, Purple, Pink, Green, Blue, Green Leggings"
1120,Borse N16 Make Up And Jewellery Vanity Case
1121,Crokrok Nylon Car Mat For Datsun Go
1122,Pearl Spice-2 Condiment Set
1123,CARBANAO Plastic Car Mat For Maruti Suzuki Swift
1124,Crokrok Nylon Car Mat For Volkswagen Vento
1125,Crokrok Nylon Car Mat For Maruti Suzuki WagonR Stingray
1126,Rr Rainbow Grand Dlx 30 L Backpack
1127,Fuson Back Cover for Apple iPad Mini 2
1128,Alessia74 Hand-held Bag
1129,"Bike World Brake Light, Tail Light LED Bulb for  Daewoo Cielo"
1130,"Bike World Brake Light, Tail Light LED Bulb for  Hero CD"
1131,Shoprider Casual Multicolor Genuine Leather Canvas  Clutch
1132,"Bike World Brake Light, Tail Light LED Bulb for  Volkswagen Polo Cross"
1133,"Bike World Brake Light, Tail Light LED Bulb for  Honda City"
1134,"Bike World Brake Light, Tail Light LED Bulb for  Honda Dream CD110"
1135,Bootwale Walking Shoes
1136,Shoprider Casual Multicolor Genuine Leather Canvas  Clutch
1137,"Bike World Brake Light, Tail Light LED Bulb for  Universal For Bike Universal For Bike"
1138,N Five Running Shoes
1139,"Bike World Brake Light, Tail Light LED Bulb for  Honda CBR 250"
1140,"Bike World Brake Light, Tail Light LED Bulb for  Volvo VNL"
1141,CANMP Running Shoes
1142,RYTHMX FB NAIL POLISHES BLACK LIPSTICKS IMPORTANT COMBO 51
1143,"Dernier Wear Women's A-line White, Blue Dress"
1144,RYTHMX FB NAIL POLISHES BLACK LIPSTICKS IMPORTANT COMBO 60
1145,RYTHMX FB NAIL POLISHES BLACK LIPSTICKS IMPORTANT COMBO 55
1146,RYTHMX FB NAIL POLISHES BLACK LIPSTICKS IMPORTANT COMBO 35
1147,Ajaero Women's Maxi Red Dress
1148,"Dernier Wear Women's A-line Black, White Dress"
1149,Brillare Science Dandruff Control Shampoo & Intenso Creme Combo
1150,"Mars Queen Eye Liner, Lip Gloss, EyeLiner"
1151,RYTHMX NEW NEON IMPORTANT NAIL POLISHES AND BLACK LIPSTICKS COMBO 043
1152,RYTHMX FB NAIL POLISHES BLACK LIPSTICKS IMPORTANT COMBO 49
1153,RYTHMX FB NAIL POLISHES BLACK LIPSTICKS IMPORTANT COMBO 47
1154,Oranje Women's Fit and Flare Black Dress
1155,Shoprider Casual Multicolor Genuine Leather Canvas  Clutch
1156,Futaba Dragon Eye Fruit Seed
1157,RYTHMX FB NAIL POLISHES BLACK LIPSTICKS IMPORTANT COMBO 57
1158,Shoprider Casual Multicolor Genuine Leather Canvas  Clutch
1159,Shoprider Casual Multicolor Genuine Leather Canvas  Clutch
1160,Fabpoppy Women's Pyjama
1161,Lambency Women's Pyjama
1162,Shortkut enterprises Model no 400 Mobile/Tablet Speaker
1163,Adidas Solid Men's Track Top
1164,CarSizzler Car Storage Bag
1165,Dinoimpex Balloon and Beyblade Set Combo
1166,Aroma Care Intense Color Nail Polish Combo 175078 49.5 ml
1167,Shortkut enterprises Model no 456 Mobile/Tablet Speaker
1168,Shortkut enterprises Model no 428 Mobile/Tablet Speaker
1169,Shortkut enterprises Model no 483 Mobile/Tablet Speaker
1170,Aroma Care Intense Color Nail Polish Combo 175057 49.5 ml
1171,Shortkut enterprises Model no 476 Mobile/Tablet Speaker
1172,I Know Men's Solid Casual Dark Blue Shirt
1173,Shortkut enterprises Model no 477 Mobile/Tablet Speaker
1174,Shortkut enterprises Model no 497 Mobile/Tablet Speaker
1175,Shortkut enterprises Model no 460 Mobile/Tablet Speaker
1176,Aroma Care Intense Color Nail Polish Combo 175027 49.5 ml
1177,Shortkut enterprises Model no 434 Mobile/Tablet Speaker
1178,Aroma Care Intense Color Nail Polish Combo 175007 49.5 ml
1179,STREET LONDON Lace Up
1180,Ennoble Slim Fit Men's Grey Trousers
1181,Leebo LED Headlight For Bajaj Pulsar 150
1182,Leebo LED Headlight For Honda CB
1183,KOHL Wine Bag Yellow
1184,Inc.5 Women Wedges
1185,Leebo LED Headlight For Suzuki Sling
1186,Inc.5 Women Wedges
1187,BOLLYWOOD ACCESSORY Woven Viscose Women's Scarf
1188,Shopmania Happy Birthday Gift For Starting Letter Q Ceramic Mug
1189,Shopmania Happy Birthday Gift For Starting Letter G Ceramic Mug
1190,CHHOTE JANAB COZY MATTRESS PROTECTOR(SET OF 2)
1191,Shopmania Happy Birthday Gift For Starting Letter B Ceramic Mug
1192,ANAND ARCHIES Girls Flats
1193,ANAND ARCHIES Girls Wedges
1194,Bharatcraft Lord Ganesha with Diya on Leaf Showpiece  -  10.16 cm
1195,Candy House Solid Men's Polo Neck T-Shirt
1196,Victoria's Secret NEW! Noir Tease Gift Set
1197,addee Leather black 16 L Backpack
1198,"VIVIANA Nail Paint, Lipstick"
1199,Candy House Solid Men's Polo Neck T-Shirt
1200,Candy House Solid Men's Polo Neck T-Shirt
1201,Prime Printed 4 Seater Table Cover
1202,Candy House Solid Men's Polo Neck T-Shirt
1203,Candy House Solid Men's Polo Neck T-Shirt
1204,Jutecentral CA16YBSMR0601 Yoga Mat Bag
1205,Prime Printed 8 Seater Table Cover
1206,SKI LOCK SEAL GIFT SET 550 YELLOW02 2 Containers Lunch Box
1207,Candy House Solid Men's Polo Neck T-Shirt
1208,Imported Disposable Waxing Strips With Spatula Knife
1209,Candy House Solid Men's Polo Neck T-Shirt
1210,Candy House Solid Men's Polo Neck T-Shirt
1211,Prime Printed 4 Seater Table Cover
1212,Candy House Solid Men's Polo Neck T-Shirt
1213,Candy House Solid Men's Polo Neck T-Shirt
1214,Candy House Solid Men's Polo Neck T-Shirt
1215,Weldecor Picture Light Wall Lamp
1216,"Foot Furnish Girls, Women Wedges"
1217,Prime Printed 6 Seater Table Cover
1218,VITAMINS Casual Sleeveless Embellished Baby Girl's Top
1219,HSFS Printed Gorgette Women's Kaftan
1220,SKI WINNER GIFT SET PINK02 2 Containers Lunch Box
1221,Candy House Solid Men's Polo Neck T-Shirt
1222,BURDY 4102 16 L Backpack
1223,Candy House Solid Men's Polo Neck T-Shirt
1224,Candy House Solid Men's Polo Neck T-Shirt
1225,Candy House Solid Men's Polo Neck T-Shirt
1226,PUSHCART REK-164-W W-B-MSG Massager
1227,Simitoes Women Clogs
1228,Asian Women Sports Sandals
1229,Candy House Solid Men's Polo Neck T-Shirt
1230,Candy House Solid Men's Polo Neck T-Shirt
1231,SKI WINNER GIFT SET SKYBLUE02 2 Containers Lunch Box
1232,VITAMINS Casual Sleeveless Embellished Baby Girl's Top
1233,Avon Fairness Exfoliation Face Wash and Anti-marks Cream
1234,GAYATRI CREATIONS ORANGE KIDS SET 2 Containers Lunch Box
1235,Candy House Solid Men's Polo Neck T-Shirt
1236,Candy House Solid Men's Polo Neck T-Shirt
1237,Caffeine Handmade Tribal Print Influenced Katori Bowl (Set of 2) Stoneware Bowl Set
1238,Candy House Solid Men's Polo Neck T-Shirt
1239,"VIVIANA Nail Paint, Lipstick"
1240,SKI LOCK SEAL GIFT SET 550 PURPLE02 2 Containers Lunch Box
1241,Candy House Solid Men's Polo Neck T-Shirt
1242,Candy House Solid Men's Polo Neck T-Shirt
1243,Candy House Solid Men's Polo Neck T-Shirt
1244,VITAMINS Casual Sleeveless Embellished Baby Girl's Top
1245,Candy House Solid Men's Polo Neck T-Shirt
1246,Candy House Solid Men's Polo Neck T-Shirt
1247,VAGON Girls Sandals
1248,Prime Printed 8 Seater Table Cover
1249,Candy House Solid Men's Polo Neck T-Shirt
1250,Dutch Benson Women Sandals
1251,Candy House Solid Men's Polo Neck T-Shirt
1252,Candy House Solid Men's Polo Neck T-Shirt
1253,Candy House Solid Men's Polo Neck T-Shirt
1254,Candy House Solid Men's Polo Neck T-Shirt
1255,Prime Printed 4 Seater Table Cover
1256,Pandora Kids School Bag - Twity Face Bag (MultiColor) 12 L Backpack
1257,Prime Printed 6 Seater Table Cover
1258,Garnet Traveller 1500 ml Bottle
1259,Blue Birds USA Homeware Aluminium water bottle 750 ml Bottle
1260,W.A.Y Embellished Women's Jumpsuit
1261,Lakos Women's Multicolor Leggings
1262,Blue Birds Usa Homeware Stainless Steel 1000 ml Bottle
1263,Dr. Thapar's Beard Wash With Aloevera
1264,X-WELL Shoulder Bag
1265,GAJ IMPEX Acrylic Bangle Set
1266,Speedwav 240450 Sun Shade For Maruti WagonR
1267,Speedwav 240403 Sun Shade For Fiat Punto
1268,FS Mini Klub Printed Baby Girl's Basic Shorts
1269,Speedwav 240371 Sun Shade For Hyundai Creta
1270,Speedwav 240428 Sun Shade For Maruti Swift
1271,Speedo Men's Swimsuit
1272,SHEFFIELD CLASSIC SH-83-VC1 Hand-held Vacuum Cleaner
1273,Speedwav 240318 Sun Shade For Tata Grand Dicor
1274,Speedwav 240325 Sun Shade For Chevrolet Captiva
1275,Speedwav 240306 Sun Shade For Honda Accord
1276,Speedwav 240459 Sun Shade For Maruti Omni
1277,Speedwav 240421 Sun Shade For Ford Figo
1278,Speedwav 240408 Sun Shade For Volkswagen Polo
1279,Speedwav 240322 Sun Shade For Mahindra XUV 500
1280,Speedwav 240342 Sun Shade For Mahindra Scorpio
1281,Speedwav 240319 Sun Shade For Toyota Corolla Altis
1282,FS Mini Klub Printed Baby Girl's Basic Shorts
1283,Speedwav 240411 Sun Shade For Honda Jazz
1284,Speedwav 240440 Sun Shade For Chevrolet Spark
1285,DEBOCK DEBOCK Earphone For Samsung galaxy s advance i9070 Stereo Dynamic Headphone Wired Headphones
1286,Speedwav 240363 Sun Shade For Renault Duster
1287,FS Mini Klub Printed Baby Girl's Basic Shorts
1288,Speedwav 240420 Sun Shade For Ford Figo
1289,Speedwav 240437 Sun Shade For Hyundai i10
1290,Speedwav 240350 Sun Shade For Tata Indigo CS
1291,Speedwav 240362 Sun Shade For Renault Duster
1292,Speedwav 240461 Sun Shade For Maruti 800
1293,Vitamins Solid Baby Girl's Basic Shorts
1294,DEBOCK DEBOCK Earphone For HTC Desire 320 Stereo Dynamic Headphone Wired Headphones
1295,Speedwav 240460 Sun Shade For Maruti 800
1296,Speedwav 240404 Sun Shade For Fiat Punto
1297,Speedwav 240327 Sun Shade For Fiat Linea
1298,Vitamins Graphic Print Baby Girl's Basic Shorts
1299,Vitamins Embroidered Baby Girl's Denim Shorts
1300,Vitamins Solid Baby Girl's Basic Shorts
1301,Speedo Logo Panel Aquashort Graphic Print Men's
1302,FS Mini Klub Printed Baby Girl's Basic Shorts
1303,Speedwav 240439 Sun Shade For Chevrolet Beat
1304,KE GIFT BOX STOR JEWELLARY Vanity Jewellery
1305,Kartique Handmade Wooden Box for Women Jewel Organizer Square Anchor D√©cor Jewellery Box Vanity Jewellery
1306,DARPAN Excellent Right Hand commercial Scissors
1307,Kartique Hand Made Box in smooth Finish with Glass Lid Jewellery Box Vanity Jewellery
1308,Giorgio Armani SMOOTH SILK LIP PENCIL 12
1309,Jaipur Print Cotton Floral Diwan Set
1310,Silvesto India Stone Pendant
1311,Gehna Yellow Gold Zircon Silver Pendant
1312,"Kirati Flower Design 14K Yellow Gold Garnet, Cubic Zirconia Sterling Silver Pendant"
1313,Silvesto India Stone Pendant
1314,florence9 baby cap red checks Cap
1315,Vastrani Casual Full Sleeve Printed Women's Top
1316,Mothercare Leggings
1317,Steelseries Siberia 200 Wired Headset
1318,Speedwav 232305 Hood Car Sticker
1319,Techware Microwavable Tea Cups WF13115 - Purple WF13115 - P
1320,VarEesha Wooden Key Holder
1321,AND Designs Artistic Wooden Key Holder Wooden Key Holder
1322,Speedwav 232358 Hood Car Sticker
1323,Platex Classy 1000 ml Bottle
1324,BONHEUR Casual 3/4 Sleeve Floral Print Women's Top
1325,Stealodeal Grand Harvest 11 Function Multi Utility Swiss Knife
1326,Zevrr Sterling Silver Swarovski Zirconia Platinum NA K Ring
1327,Kitts N Nevis Slim Fit Girl's Jeans
1328,fashion bazar Self Design Women's Lehenga Choli
1329,"Sohardhastshilp Self Design Women's Lehenga, Choli and Dupatta Set"
1330,Philigree Casual 3/4 Sleeve Printed Women's Top
1331,Noritake Carnivale Mug MUGM25091058C
1332,Rastogi Handicrafts JOINT LESS LEAK PROOF DECORATIVE 950 ml Bottle
1333,UMA TRADERS Cotton Embroidered Semi-stitched Salwar Suit Dupatta Material
1334,CraftGhar X-02-EW-B-147-E.
1335,Malabar Gold and Diamonds HBDAAAABLZJM Gold Ruby 22 K Ring
1336,UMA TRADERS Chanderi Embroidered Semi-stitched Salwar Suit Dupatta Material
1337,Maped Twist and Flex Transparent Rubber Rulers
1338,Dealcrox Kangaroo Keeper Bags Organizer
1339,Action Shoes Slippers
1340,fourgee Slim Fit Girl's Jeans
1341,VIHA Net Embroidered Semi-stitched Salwar Suit Dupatta Material
1342,Rasav Jewels Yellow Gold Diamond 18 K Ring
1343,Speedwav 232241 Hood Car Sticker
1344,Reinvent Casual Short Sleeve Self Design Women's Top
1345,BUMPKIN Printed Women's Tunic
1346,fashion point SLIM Fit Girl's Jeans
1347,VIHA Net Embroidered Semi-stitched Salwar Suit Dupatta Material
1348,Action Shoes Flip Flops
1349,Frabjous Sterling Silver Toe Ring Set
1350,Frabjous Sterling Silver Toe Ring Set
1351,Action Shoes Slippers
1352,Malabar Gold and Diamonds HBDAAAABLZLD Gold Emerald 22 K Ring
1353,Oner Casual Short Sleeve Printed Women's Top
1354,Rasav Jewels Yellow Gold Diamond 18 K Ring
1355,Zevrr Sterling Silver Swarovski Zirconia Platinum NA K Ring
1356,Rasav Jewels Yellow Gold Diamond 18 K Ring
1357,BONHEUR Casual Sleeveless Solid Women's Top
1358,VarEesha Wooden Key Holder
1359,ENTEASE Casual 3/4 Sleeve Printed Women's Top
1360,Zevrr Sterling Silver Swarovski Zirconia Platinum NA K Ring
1361,Frabjous Sterling Silver Toe Ring Set
1362,Reinvent Casual Short Sleeve Self Design Women's Top
1363,VIHA Net Embroidered Semi-stitched Salwar Suit Dupatta Material
1364,Zevrr Sterling Silver Swarovski Zirconia Platinum NA K Ring
1365,BONHEUR Casual Full Sleeve Floral Print Women's Top
1366,VIHA Net Embroidered Semi-stitched Salwar Suit Dupatta Material
1367,Puma evoSPEED HPI Willow Cricket  Bat
1368,PeepalComm Multi Purpose 11 Function Multi Utility Swiss Knife
1369,Steelseries Siberia 200 Wired Headset
1370,Raymond Men's Printed Formal Blue Shirt
1371,BI Classics Wallpaper
1372,Sumo Baby Walker
1373,Bubi Award Winning Bpa Free Collapsible Silicone 650 ml Sipper
1374,FS Mini Klub Regular Fit Girl's Jeans
1375,Mast & Harbour Shoulder Bag
1376,Dolphin Product Shoulder Bag
1377,IPG Cotton Solid Women's Dupatta
1378,bohocraft Bohemian Colorful Wooden Beads Adjustable Wood Necklace
1379,dgold Beads Stone Necklace
1380,dgold Quartz Stone Necklace
1381,Selfcare Men's Brief
1382,Treasure Showpiece  -  23 cm
1383,IPG Cotton Solid Women's Dupatta
1384,Dgold Onyx Stone Necklace Set
1385,RAA Men's Brief
1386,IPG Cotton Solid Women's Dupatta
1387,dgold Beads Stone Necklace
1388,"poonamcreation Zircon Rhodium Plated Alloy, Stone Necklace Set"
1389,CHINMAY KIDS Printed Cotton Padded Mosquito Net
1390,IPG Cotton Solid Women's Dupatta
1391,CHKOKKO Chains Alloy Necklace
1392,dgold Spinel Stone Necklace
1393,AdroitZ sharkantennawhite604 Amplited Glass Mount Antenna shark design White For Maruti A Star Satellite Vehicle Antenna
1394,"KooKoo Fashion Enamel, Alloy Necklace"
1395,dgold Citrine Stone Necklace
1396,IPG Cotton Solid Women's Dupatta
1397,dgold Beads Stone Necklace
1398,Dispowear Men's Brief
1399,Voril Fashion Yellow Gold Plated Plastic Necklace
1400,couponsmall key 343 Wired USB Tablet Keyboard
1401,dgold Garnet Stone Necklace
1402,HEAVENLY Dress Baby Boy's  Combo
1403,Texco Girl's Vest
1404,"Linzina Casual, Formal Purple Synthetic  Clutch"
1405,generic Small Reusable Menstrual Cup
1406,Texco Girl's Vest
1407,"Linzina Casual, Formal Brown, Black Synthetic  Clutch"
1408,Plush SHOPRENCH Double Sided Pipe Wrench Set
1409,"Linzina Casual, Formal Pink Synthetic  Clutch"
1410,Texco Girl's Vest
1411,"Linzina Wedding, Party, Festive Gold Pearls, Beads, Stone  Clutch"
1412,"Linzina Casual, Formal Grey, Black Synthetic  Clutch"
1413,Only Women's Double Breasted
1414,YBC Women Pink PU Sling Bag
1415,iWonder Solid Women's Regular Skirt
1416,@home Glass Vase
1417,MayurShilpa Paper Vase
1418,American Swan Solid Women's Regular Skirt
1419,Finger's Printed Men's Track Pants
1420,TAMBAS Solid Men's Track Pants
1421,Nordlich Printed Cotton Women's Harem Pants
1422,Ligans NY Women Beige PU Sling Bag
1423,TAMBAS Solid Men's Track Pants
1424,Gwyn lingerie Floral Print Women's Gathered Skirt
1425,SVT ADA COLLECTIONS Solid Women's Regular Skirt
1426,GREENWICH Solid Men's Track Pants
1427,Zadine Printed Cotton Women's Harem Pants
1428,"Mobile Makeup Back Cover for Apple iPad Air, Apple iPad Air 5"
1429,Smart Wall Guru Medium Adhesive Sticker
1430,Love More Printed Women's Anarkali Kurta
1431,Aerosoft Slippers
1432,Love More Printed Women's Straight Kurta
1433,Nike Graphic Print Boy's Round Neck White T-Shirt
1434,Souminie by Belle Lingeries - Pure Cotton Non Stretchable Black Dailywear Mature Women's Full Coverage Bra
1435,Opaleena MDF Wall Shelf
1436,Beebay Striped Boy's Polo Blue T-Shirt
1437,Redesign Printed Women's Jumpsuit
1438,"Done By None Women, Girls Heels"
1439,Glitzy Galz Women Heels
1440,AYMH MDF Wall Shelf
1441,YK Printed Boy's Round Neck Dark Blue T-Shirt
1442,Hemden Embroidered Cushions Cover
1443,"Kombee Girl's Printed Red, Pink Top & Capri Set"
1444,ADIWALK ATOM Running Shoes
1445,NEWGEN TECH EO-HS3303 218 Wired Headset
1446,Viaan T1-HH-020 Car Hanging Ornament
1447,Parinaaz Alloy Mangalsutra
1448,oxford Tawa 15 cm cm diameter
1449,"Polki Casual, Party Red Leatherette  Clutch"
1450,Xtremeonlinestore One-way Bike Alarm Kit
1451,NIRLON Classic Pan 25 cm diameter
1452,Oleanna Solo Shower Head
1453,Decon Metal Mangalsutra
1454,Spangel Fashion Audi Style Alloy Mangalsutra
1455,NIRLON Classic Kadhai 2.5 L
1456,Parinaaz Alloy Mangalsutra
1457,Parinaaz Alloy Mangalsutra
1458,Parinaaz Alloy Mangalsutra
1459,NIRLON Induction Kadhai 1.5 L
1460,SONIK G-7 Motorbike Helmet - XL
1461,Mee Mee Women's Maternity Panty
1462,The balm Blush
1463,Vency creation Waterproof Multipurpose Bag
1464,SONIK G-7 Motorbike Helmet - XL
1465,Eureka.in GSEB Class VII
1466,Decon Alloy Mangalsutra
1467,Parinaaz Alloy Mangalsutra
1468,knp enterprise Audi Style Alloy Mangalsutra
1469,Cross Fingers Honda Two Wheeler Cover
1470,Cross Fingers Bajaj Two Wheeler Cover
1471,Hm International Note Book A5 Diary Hard Bound
1472,Cross Fingers Mahindra Two Wheeler Cover
1473,Cross Fingers Yamaha Two Wheeler Cover
1474,Cross Fingers Bajaj Two Wheeler Cover
1475,Cross Fingers TVS Two Wheeler Cover
1476,Cross Fingers Hero Two Wheeler Cover
1477,Cross Fingers Yamaha Two Wheeler Cover
1478,Cross Fingers Hero Two Wheeler Cover
1479,Craft Trade Oval Wood Coaster Set
1480,Cross Fingers Hero Two Wheeler Cover
1481,Cross Fingers Bajaj Two Wheeler Cover
1482,"C&E  TV-out Cable High Speed HDMI Extension Cable Male - Female - 20 Feet, Supports Ethernet Latest Specification Cable"
1483,Adt Saral Baby Girl's Vest
1484,PerfectBlue Printed Bhagalpuri Cotton Sari
1485,morpankh Enterprise Floral Print Bollywood Georgette Sari
1486,Lakiya Glycolic Acid Peel 10%
1487,Hers by Herman Lingerie Set
1488,BrandTrendz Slip On
1489,UR Image Lingerie Set
1490,salt n pepper 16-510 BLACK Lace Up
1491,Magical Knots 3D Printed Cushions Cover
1492,ferari Men's Solid Casual Yellow Shirt
1493,Tallenge Art For Kitchen - Today's Menu - Premium Quality A3 Size Framed Poster Paper Print
1494,Voylla Artificial Classic Plain Yellow Gold Cubic Zirconia Alloy Pendant
1495,"NumBrave Casual 3/4 Sleeve Solid Women's Black, Green, Pink Top"
1496,CREEDS Men's Printed Casual Multicolor Shirt
1497,Gold Dust MO3007 Automatic Sun Hand Green Manual Sewing Machine
1498,Pruto Slip On
1499,"NumBrave Casual 3/4 Sleeve Solid Women's Red, Pink Top"
1500,Voylla Artificial Classic Embellished Silver Cubic Zirconia Alloy Pendant
1501,ARIHANT Multicolor Rod Rail Bracket
1502,Pruto Monk Strap
1503,Calvin Klein Men's Solid Casual White Shirt
1504,URBAN SHAUK Regular Fit Girl's Green Trousers
1505,Embibo Women's Nighty with Robe
1506,Voylla Artificial Classic Embellished Yellow Gold Cubic Zirconia Alloy Pendant
1507,CREEDS Men's Printed Casual Multicolor Shirt
1508,SKY TRENDS GIFT Square Wood Coaster
1509,Embibo Women's Nighty
1510,KAVACi Full Sleeve Solid Men's Jacket
1511,ACCESSOREEZ CRTRTBL052 Cup Holder Car Tray Table
1512,Magical Knots 3D Printed Cushions Cover
1513,Pruto Lace Up
1514,VK Jewels Reticular Heart Rhodium Cubic Zirconia Alloy Pendant
1515,YK Printed Girl's Round Neck White T-Shirt
1516,Voylla Artificial Classic Plain Rose Gold Alloy Pendant
1517,"Embibo Women's Nighty with Robe, Top and Capri"
1518,DWM Cotton Solid Patiala
1519,appleofmyi Printed Girl's Round Neck Green T-Shirt
1520,Tallenge Old Masters Collection - Port Marly by Alfred Sisley - Premium Quality A3 Size Framed Poster Paper Print
1521,Gold Dust ABC23007 Automatic Sun Hand Red Manual Sewing Machine
1522,SUNFLAME PEARL Dry Iron
1523,HugMe.fashion Full Sleeve Striped Men's Jacket
1524,DWM Cotton Solid Patiala
1525,Asst Full Sleeve Solid Women's Jacket
1526,Diviniti DG Royal Ornamental Size 4 Allha religious wall hanging Showpiece  -  30.5 cm
1527,Voylla Alloy Jewel Set
1528,Parv Collections Showpiece  -  9 cm
1529,Pride Elegant And Strong Vanity Box For Safe Storage And Carring Items Makeup Vanity Case
1530,Jaunty Glass Bracelet Set
1531,Reebok Handweight Fixed Weight Dumbbell
1532,Vendee Fashion Brass Jewel Set
1533,Blimey Convertible Men's Cargos
1534,Parv Collections Showpiece  -  12 cm
1535,Pearls India Leather Bracelet
1536,Diviniti DG Royal Ornamental Size 4.5 Murgan Ji religious wall hanging Showpiece  -  30.5 cm
1537,Purys Full Sleeve Solid Women's Fleece Jacket
1538,Voylla Alloy Jewel Set
1539,Iron Crafts Creative Showpiece  -  21 cm
1540,Sports 52 Wear Men's Cargos
1541,Aaina Home Decor Traditional Series-WB-103 Storage Vanity Basket
1542,Dev Jewellery Metal Yellow Gold Kada
1543,Exotic India Adi Buddha Vajrasattva Showpiece  -  27.94 cm
1544,Aapno Rajasthan Princess Design Showpiece  -  22 cm
1545,Silver Bucks Camouflage Cargo Men's Cargos
1546,Kuber Industries Bangle Three Roll & ring & Earing Box Jewellery Vanity Case
1547,Diviniti Dg Royal Ornamental Size 2.5 Murgan Religious Wall Hanging Showpiece  -  28 cm
1548,Basicare Loofah Sponge with Rope
1549,ARK Creation Baster Tribal Lady Showpiece  -  20 cm
1550,Shri Shyam Baba Jewellers Alloy Jewel Set
1551,"Merchbay The Rock Dwayne Johnson Accessory Box | Artist : Gagandeep Singh Jewellery, Make up, etc. Vanity Accessory Box"
1552,Exotic India Vaishnava Symbols - Shankha And Chakra Showpiece  -  37 cm
1553,"Mrignayaneei Alloy, Metal Crystal Bangle Set"
1554,SkyStar Cargo Bermuda Men's Cargos
1555,ARK Creation Baster Tribal Lady Showpiece  -  20 cm
1556,Vidhya Kangan Brass Jewel Set
1557,Ayesha Copper Cuff
1558,Fasnoya Full Sleeve Self Design Women's Jacket
1559,Paras Purple Beautyfullady Flower Pot Showpiece  -  70 cm
1560,Vidhya Kangan Brass Jewel Set
1561,Diviniti DG Royal Ornamental Size 4 Ganesha religious wall hanging Showpiece  -  30.5 cm
1562,BGS Alloy Cuff
1563,Da Intimo Casual Lingerie Set
1564,Right Florist Showpiece  -  11 cm
1565,Vidhya Kangan Brass Jewel Set
1566,Addyz 5 Rods Bangle Earring Ring Jewellery Vanity Case
1567,Exotic India Relaxing Ganesha Showpiece  -  11.43 cm
1568,Voylla Sterling Silver Bracelet
1569,Roxy Beach Wear Lingerie Set
1570,Snug Hug Jute Chew Toy For Dog
1571,Sixthsense Women of African Tribes Showpiece  -  9 cm
1572,Shagun Simple & Astonishing Pearl Alloy Jewel Set
1573,Goldencollections Imported Fabric Organizer With Beautiful Design Make Up And Jewellery Vanity Pouch
1574,"Joyeria Milan Alloy Garnet, Cubic Zirconia, Garnet Bracelet"
1575,Trufit Full Sleeve Solid Women's Bomber Jacket
1576,BeYOUtiful Copper RepoussÔøΩÔøΩ - Man With Dhol Showpiece  -  36 cm
1577,Vidhya Kangan Brass Jewel Set
1578,Little India Metal Colorful Meenakari Work Box -174 Jewellery Vanity Case
1579,Exotic India Blessing Buddha Showpiece  -  36.83 cm
1580,London Bee Black Men's Cargos
1581,Yale YDR3110 Smart Door Lock
1582,Artist Haat Handcrafted Marble With Floral Design7 Inlay Grill Work Jewellery Vanity Box
1583,Galz4ever Alloy Bracelet
1584,Ada Jewel Copper Jewel Set
1585,Amba Handicraft 3 Face Clock Showpiece  -  64 cm
1586,Bodymark 768 Men's Cargos
1587,Pawzone Rubber Rubber Toy For Dog
1588,Diviniti DG 4 Khanda Sahib With Gold Plated Foil Wall Hanging Showpiece  -  37 cm
1589,"Merchbay Pupcakes Accessory, Lotta Farber Jewellery, Make up Vanity Jewellery"
1590,My Angel Gifts Show Piece Showpiece  -  5 cm
1591,Adhira Alloy Jewel Set
1592,Roller Derby Fun Roll Quad Roller Skates - Size 11-2 US
1593,Bodymark 685 Men's Cargos
1594,Eshoppee Glass Bracelet
1595,Diviniti DG Royal Ornamental Size 4 Gurunanak religious wall hanging Showpiece  -  30.5 cm
1596,Angelfish Designer Make Up and Jewellery Box Vanity Case
1597,The Art Jewellery Brass Jewel Set
1598,Paras Rajasthani Man 1 Showpiece  -  27 cm
1599,Kuber Industries Bangle Four Roll & Ring & Earing Box Jewellery Vanity Pouch
1600,Voylla Artifictial Textured Alloy Jewel Set
1601,Seher Tribal Fibre Art Showpiece  -  36 cm
1602,Madcaps C31GR30 Men's Cargos
1603,Nexessories Acrylic Bracelet
1604,Adaa Gold Plated - Classic Angle With Crystals Showpiece  -  14 cm
1605,Sports 52 Wear C1595 Men's Cargos
1606,Diviniti MDF Color Religious Wall Hanging Size 4 Sai Baba Showpiece  -  36.4 cm
1607,Manufaktura Home Spa Tropical Plants Natural Face Loofah
1608,Trinketbag Leather Bracelet
1609,Thar Handloom Stylish Multicolor Jewellery Box Jewellery and Makeup items Vanity Case
1610,Karigaari Gopi's Playing Music Wall Hanging Showpiece  -  49 cm
1611,Sri Bansilal Pearls Alloy Jewel Set
1612,Diviniti DG 3 Khanda Sahib With Gold Plated Foil Wall Hanging Showpiece  -  32.5 cm
1613,Creative Spinach Blue Lion Fish Aquarium Toy Silicone Rubber Toy For Fish
1614,Life by Shoppers Stop Premium Men's Cargos
1615,Blissdrizzle Crystal Bracelet
1616,"Merchbay Anime Accessory Box | Artist : Divakar Singh Jewellery, Make up, etc. Vanity Accessory Box"
1617,SR Crafts Showpiece  -  15.24 cm
1618,Voylla Alloy Jewel Set
1619,Transcend MP 870 8 GB MP4 Player
1620,Diviniti Mdf Royal Religious Wall Hanging Size 2.5 Bal Gopal Showpiece  -  25 cm
1621,Leaftrend BL-SQ-R-5x5 Wooden Disposable Bowl
1622,BGS Alloy Cuff
1623,FOCI Dancing Couple Showpiece  -  10 cm
1624,E-Studio Ganesha Caturbhuja Showpiece  -  12 cm
1625,J Marks Multicolor Men's Cargos
1626,Fayona Sleeveless Solid Women's Jacket
1627,Handecor Ballet Dancer Showpiece  -  30 cm
1628,Goldencollections GC4353 Makeup and Jewellery Vanity Pouch
1629,Diviniti MDF Color religious wall hanging Size 4.5 Mahaveer Showpiece  -  62.5 cm
1630,Vidhya Kangan Brass Jewel Set
1631,Just Women Alloy Bracelet
1632,Biceps Triceps Hexagonal Fixed Weight Dumbbell
1633,Green House African-Tribal-Male Showpiece  -  35.5 cm
1634,Goldencollections Gold Neckace Make Up And Jewellery Vanity Pouch
1635,Diviniti MDF Color Religious Wall Hanging Size 4 Radha Krishna Showpiece  -  36.4 cm
1636,Sri Bansilal Pearls Alloy Jewel Set
1637,"Myint Glass, Metal Bracelet"
1638,K&P Dr.Ambedkar Large 04 Showpiece  -  19 cm
1639,K&P Lord Ganesha Large 03 Showpiece  -  19 cm
1640,Indistar Self Design Viscose Women's Stole
1641,Jazzup Solid Girl's Track Pants
1642,K&P Lord Ganesha Regular 16 Showpiece  -  13 cm
1643,Lotusa Printed sartan silk Women's Scarf
1644,FS Mini Klub Printed Girl's Denim Shorts
1645,Gift Island Actn Showpiece  -  8 cm
1646,Radiant Bay Priceless Bond White Gold Diamond 18 K Ring
1647,Radiant Bay Fancy Ornate White Gold Diamond 14 K Ring
1648,G-MOS Book Cover for Apple iPad 2
1649,Karatcraft Trenza Yellow Gold Diamond 18 K Ring
1650,Samradhi Floral Double Dohar Multicolor
1651,Karatcraft Gemma Yellow Gold Diamond 18 K Ring
1652,Kasemantra Back Cover for Apple iPad Mini
1653,Ethna Women's Solid Casual Shirt
1654,Karatcraft Lynne Yellow Gold Diamond 18 K Ring
1655,Fuson Back Cover for Samsung Galaxy J7
1656,TUP Book Cover for Alcatel One Touch Tab 7 7 Inch
1657,Karatcraft Camellia Yellow Gold Diamond 18 K Ring
1658,Woods Women Flats
1659,Kasemantra Back Cover for Apple iPad Mini
1660,Shopatplaces Self Design Women's Wrap Around Skirt
1661,Alexus Hippo Inflatable Chair
1662,Radiant Bay Wish Trio Yellow Gold Diamond 18 K Ring
1663,Karatcraft Boat Yellow Gold Diamond 18 K Ring
1664,kasemantra Back Cover for Apple iPad Mini
1665,Radiant Bay Luxurious Solitaire Yellow Gold Diamond 18 K Ring
1666,Kanu Book Cover for Spice Mi-720
1667,Karatcraft Ebe Gold Diamond 18 K Ring
1668,Glory Fashion Shoulder Bag
1669,Radiant Bay Sumptous Infinity Knot White Gold Diamond 14 K Ring
1670,Fuson Back Cover for Samsung Galaxy J7
1671,Karatcraft Sweet Flower Yellow Gold Diamond 18 K Ring
1672,Karatcraft Spruzzi Yellow Gold Diamond 18 K Ring
1673,Fuson Back Cover for Samsung Galaxy J7
1674,Karatcraft Fragilis Yellow Gold Diamond 18 K Ring
1675,Kasemantra Back Cover for Apple iPad Mini
1676,P.N.Gadgil Jewellers Gold Diamond 18K Yellow Gold 18 K Ring
1677,kasemantra Back Cover for Apple iPad Mini
1678,P.N.Gadgil Jewellers Gold Diamond 18K Yellow Gold 18 K Ring
1679,Fuson Back Cover for Samsung Galaxy J7
1680,Jewels of Jaipur Gold Diamond 14 K Ring
1681,Metro Women Flats
1682,Poddar XR-703 2 Wheeler Tyre
1683,Fuson Back Cover for Samsung Galaxy J7
1684,Radiant Bay Infinity Bows Yellow Gold Diamond 14 K Ring
1685,Unique Designes Flip Cover for BSNL T-Pad 2G (7inch)
1686,Radiant Bay Blossom Lure White Gold Diamond 14 K Ring
1687,Tops And Tunics Floral Print Women's Regular Skirt
1688,HOKO Flip Cover for Apple iPad Air
1689,Kamakhya Jewels Gold Diamond Yellow Gold 18 K Ring
1690,"Gizmoz Customs Back Cover for Apple iPad 2, 3, 4"
1691,Karatcraft Emmima Gold Diamond 18 K Ring
1692,Kasemantra Back Cover for Apple iPad Mini
1693,Karatcraft Crisanta Yellow Gold Diamond 18 K Ring
1694,IDBC GLOBAL Shoulder Bag
1695,Purple Circle 3 Compartments Cardboard Pen Stand
1696,Fuson Back Cover for Samsung Galaxy J7
1697,Karatcraft Simplicity Yellow Gold Diamond 18 K Ring
1698,Karatcraft Ortus Yellow Gold Diamond 18 K Ring
1699,"Icon Book Cover for iPad 2, iPad 3, iPad 4"
1700,Ojasvi Plain Charm Yellow Gold Diamond Yellow Gold 14 K Ring
1701,Rama Floral Single Quilts & Comforters Pink-Red
1702,Karatcraft Lujo Yellow Gold Diamond 18 K Ring
1703,kasemantra Back Cover for Apple iPad Mini
1704,Karatcraft Celebra Gold Diamond 18 K Ring
1705,Rama Floral Single Quilts & Comforters Yellow
1706,Fuson Back Cover for Samsung Galaxy J7
1707,Karatcraft Pinta Yellow Gold Diamond 18 K Ring
1708,Cloth Fusion Plain Single Blanket Camel
1709,Karatcraft Sp Bloom Yellow Gold Diamond 18 K Ring
1710,Kanu Book Cover for Micromax Funbook P280
1711,Lumiere Swarovski Studded Chappals Women Flats
1712,Kasemantra Back Cover for Apple iPad Mini
1713,Famous by Payal Kapoor Women's Printed Casual Shirt
1714,Karatcraft Fragilis Yellow Gold Diamond 18 K Ring
1715,VES Book Cover for Archos 97
1716,Fuson Back Cover for Samsung Galaxy J7
1717,Karatcraft Spruzzi Yellow Gold Diamond 18 K Ring
1718,Karatcraft Emmima Gold Diamond 18 K Ring
1719,Silkworm Printed Single Dohar Multicolor
1720,Craftshraft Shoulder Bag
1721,Radiant Bay Pear Flair Yellow Gold Diamond 18 K Ring
1722,Radiant Bay Infinity Bows Yellow Gold Diamond 18 K Ring
1723,Fuson Back Cover for Samsung Galaxy J7
1724,LinkedInLove White Gold Diamond White Gold 18 K Ring
1725,Karatcraft Gracilus Yellow Gold Diamond 18 K Ring
1726,Fuson Back Cover for Samsung Galaxy J7
1727,Radiant Bay Artistic Rope Yellow Gold Diamond 14 K Ring
1728,Shop Rajasthan Abstract Single Dohar Multicolor
1729,Karatcraft Style curves Yellow Gold Diamond 18 K Ring
1730,Kanu Book Cover for ZTE Light Tab 2 V9C
1731,Karatcraft Perennial Love Yellow Gold Diamond 18 K Ring
1732,Radiant Bay Brilliant Knot Yellow Gold Diamond 14 K Ring
1733,Karatcraft Pinta Yellow Gold Diamond 18 K Ring
1734,cotton leaf Floral Single Blanket 104
1735,KolorFish Flip Cover for iPad Mini
1736,Clarks Olga Masie Women Flats
1737,Karatcraft Primavera Yellow Gold Diamond 18 K Ring
1738,Fuson Back Cover for Samsung Galaxy J7
1739,Radiant Bay Floral Flakes White Gold Diamond 18 K Ring
1740,Fuson Back Cover for Samsung Galaxy J7
1741,Decot Paradise Polka Print Women's Regular Skirt
1742,Radiant Bay Seven Stone White Gold Diamond 18 K Ring
1743,Fuson Back Cover for Samsung Galaxy J7
1744,Karatcraft Primavera Yellow Gold Diamond 18 K Ring
1745,Gioiabazar Book Cover for Samsung Galaxy Tab S 8.4
1746,P.N.Gadgil Jewellers Gold Diamond 18K Yellow Gold 18 K Ring
1747,Fuson Back Cover for Samsung Galaxy J7
1748,LinkedInLove White Gold Diamond White Gold 18 K Ring
1749,Glory Fashion Shoulder Bag
1750,El Sandlo Floral Double Blanket Multicolour
1751,Radiant Bay Floral Flakes Yellow Gold Diamond 18 K Ring
1752,El Sandlo Floral Double Blanket Multicolour
1753,Fuson Back Cover for Samsung Galaxy J7
1754,Johareez Sterling Silver Diamond Sterling Silver Ring
1755,Kanu Book Cover for NXI FFE7
1756,Jewels of Jaipur Gold Diamond 14 K Ring
1757,Kasemantra Back Cover for Apple iPad Mini
1758,Karatcraft Insieme Yellow Gold Diamond 18 K Ring
1759,HMO India Book Cover for Apple iPad 4
1760,P.N.Gadgil Jewellers Gold Diamond 18K Yellow Gold 18 K Ring
1761,Fuson Back Cover for Samsung Galaxy J7
1762,Jewels5 Anluan Yellow Gold Diamond 18 K Ring
1763,Fuson Back Cover for Samsung Galaxy J7
1764,Clarks Shavi Loop Women Flats
1765,Karatcraft Camellia Yellow Gold Diamond 18 K Ring
1766,Miss Claire Excel Twist Vitamin B2 Waterproof Lipstick-33 2.5 g
1767,kasemantra Back Cover for Apple iPad Mini
1768,JewelHub Gold 18 K Ring
1769,IDBC GLOBAL Shoulder Bag
1770,Birthdaygiftwala Pen Stand G3 1 Compartments Wooden Pen Stand
1771,Karatcraft Piccolo Yellow Gold Diamond 18 K Ring
1772,Anouk Printed Women's A-line Skirt
1773,"AMZER Back Cover for Samsung Galaxy Tab A 9.7 SM-T550 , Samsung Galaxy Tab A 9.7 SM-T555"
1774,Karatcraft Om Diamond Gold Diamond 18 K Ring
1775,Karatcraft Perennial Love Yellow Gold Diamond 18 K Ring
1776,Kanu Book Cover for Amazon Kindle Fire HDX 7 Inch
1777,Karatcraft Tilany Gold Diamond 18 K Ring
1778,Fuson Back Cover for Samsung Galaxy J7
1779,Radiant Bay Royal Night out Sterling Silver Diamond Ring
1780,Kanu Book Cover for Huawei Honor X1
1781,Radiant Bay Wish Trio White Gold Diamond 18 K Ring
1782,Kanu Book Cover for Asus K008 7 inch
1783,Karatcraft Eleveni Gold Diamond 18 K Ring
1784,Silkworm Printed Single Dohar Multicolor
1785,IDBC GLOBAL Shoulder Bag
1786,Karatcraft Twilite Gold Diamond 18 K Ring
1787,Karatcraft Drupples Yellow Gold Diamond 18 K Ring
1788,Kasemantra Back Cover for Apple iPad Mini
1789,Shiv Textile Abstract Double Blanket Multicolor
1790,Karatcraft Pario Yellow Gold Diamond 18 K Ring
1791,Kanu Book Cover for Aakash Ubislate 7CZ
1792,Radiant Bay Fancy Ornate White Gold Diamond 14 K Ring
1793,Tycab 10 inch Black (250 mm x 3.6 mm) - 1 Pack of 100 Nylon Standard Cable Tie
1794,Karatcraft The stream Yellow Gold Diamond 18 K Ring
1795,Disney Stand 3 Compartments Plastic Pen Holder
1796,Radiant Bay Classic Frame Solitaire Yellow Gold Diamond 14 K Ring
1797,Kanu Book Cover for Celkon Ct2
1798,MOBILECOPS Book Cover for APPLE IPAD AIR2
1799,Jewelsnext Gold Diamond 18 K Ring
1800,Kanu Book Cover for HP Slate 7
1801,Karatcraft Simple Flower Yellow Gold Diamond 18 K Ring
1802,Bestway 1.47m x 1.47m x 1.22m/Play With Sun Shade Inflatable Play Pool
1803,Instyles Back Cover for HTC One S
1804,Fashiondrobe Shoulder Bag
1805,Radiant Bay Pear Flair Yellow Gold Diamond 14 K Ring
1806,Digimac 1 Compartments Plastic Pen Stand
1807,Kapa Flip Cover for Apple iPad Air
1808,Radiant Bay Ribbon Ripples Yellow Gold Diamond 14 K Ring
1809,Artisan Creation Checkered Single Quilts & Comforters Brown
1810,Karatcraft Stellina Yellow Gold Diamond 18 K Ring
1811,Radiant Bay Elementary White Gold Diamond 18 K Ring
1812,Sasta 1 Compartments Wooden Pen Holder
1813,Karatcraft Armonia Yellow Gold Diamond 18 K Ring
1814,"Icon Book Cover for iPad 2, iPad 3, iPad 4"
1815,Karatcraft Sweet Flower Yellow Gold Diamond 18 K Ring
1816,Fuson Back Cover for Samsung Galaxy J7
1817,Radiant Bay Luxurious Solitaire White Gold Diamond 14 K Ring
1818,Hua Jie Classy 1 Compartments Plastic Pen Stand
1819,Kanu Book Cover for Vizio PCVZK-01
1820,Radiant Bay Striking Three Stone White Gold Diamond 14 K Ring
1821,Metro Women Flats
1822,Elfani Brilliance Lip Color 127 Brick Red 3.5 g
1823,Icon Book Cover for iPad 4
1824,Karatcraft Vertex Yellow Gold Diamond 18 K Ring
1825,Radiant Bay Pear Flair Yellow Gold Diamond 14 K Ring
1826,Karatcraft Twisted Gold Yellow Gold Diamond 18 K Ring
1827,Pakhi Casual Floral Print Women's Kurti
1828,Fuson Back Cover for Samsung Galaxy J7
1829,Unique Designes Flip Cover for asus memo pad 7 me572c (7inch)
1830,Radiant Bay Floral Enticement White Gold Diamond 14 K Ring
1831,Fuson Back Cover for Samsung Galaxy J7
1832,Karatcraft Symphony Gold Diamond 18 K Ring
1833,iAccy Book Cover for iPad Air 2
1834,Jewels5 Alena Yellow Gold Diamond 18 K Ring
1835,Fuson Back Cover for Samsung Galaxy J7
1836,Fuson Back Cover for Samsung Galaxy J7
1837,Karatcraft Sweet Flower Yellow Gold Diamond 18 K Ring
1838,Digimac 1 Compartments Plastic Pen Stand
1839,Radiant Bay Wish Trio White Gold Diamond 14 K Ring
1840,Fuson Back Cover for Samsung Galaxy J7
1841,Karatcraft Marigold Yellow Gold Diamond 18 K Ring
1842,"Goyal India 31 cm Iron, Glass Garden Stake"
1843,Kamakhya Jewels Gold Diamond Yellow Gold 18 K Ring
1844,Radiant Bay Three Knot Yellow Gold Diamond 14 K Ring
1845,Fashion Bizz Shoulder Bag
1846,Liza Women Flats
1847,Karatcraft Spiral Elegance Yellow Gold Diamond 18 K Ring
1848,Dinero Hand-held Bag
1849,Fuson Back Cover for Samsung Galaxy J7
1850,Jewels5 Myrte Gold Diamond 18 K Ring
1851,kasemantra Back Cover for Apple iPad Mini
1852,P.N.Gadgil Jewellers Gold Diamond 18K Yellow Gold 18 K Ring
1853,P.N.Gadgil Jewellers Gold Diamond 18K Yellow Gold 18 K Ring
1854,kasemantra Back Cover for Apple iPad Mini
1855,Karatcraft Simplicity Yellow Gold Diamond 18 K Ring
1856,TUP Flip Cover for Stand Milagrow 7.16/7.16 pro 7 Inch
1857,Fuson Back Cover for Samsung Galaxy J7
1858,Radiant Bay Flower Focused White Gold Diamond 18 K Ring
1859,kasemantra Back Cover for Apple iPad Mini
1860,IDBC GLOBAL Shoulder Bag
1861,Jewels of Jaipur Gold Diamond 14 K Ring
1862,Fuson Back Cover for Samsung Galaxy J7
1863,Radiant Bay Pristine Promise White Gold Diamond 18 K Ring
1864,"Gizmoz Customs Back Cover for Apple iPad 2, 3, 4"
1865,Karatcraft Mirus Yellow Gold Diamond 18 K Ring
1866,Icon Book Cover for iPad Mini
1867,Jewelhub 18k Hallmark & VS-G Diamond Gold 18 K Ring
1868,Kasemantra Back Cover for Apple iPad Mini
1869,Amber Animal Print Women's Wrap Around Skirt
1870,kasemantra Back Cover for Apple iPad Mini
1871,Radiant Bay Priceless Bond Yellow Gold Diamond 18 K Ring
1872,Stop by Shoppers Stop Women Flats
1873,Icon Book Cover for iPad 2
1874,Karatcraft Artifex Yellow Gold Diamond 18 K Ring
1875,Fuson Back Cover for Samsung Galaxy J7
1876,Karatcraft Intima Yellow Gold Diamond 18 K Ring
1877,kasemantra Back Cover for Apple iPad Mini
1878,Karatcraft Pinta Yellow Gold Diamond 18 K Ring
1879,Radiant Bay Sumptous Sparkle White Gold Diamond 14 K Ring
1880,Radiant Bay For Forever Yellow Gold Diamond 18 K Ring
1881,"Icon Book Cover for iPad 2, iPad 3, iPad 4"
1882,Karatcraft Trenza Yellow Gold Diamond 18 K Ring
1883,IDBC GLOBAL Shoulder Bag
1884,kasemantra Back Cover for Apple iPad Mini
1885,Jewels5 Adan Yellow Gold Diamond 18 K Ring
1886,Jewels5 Hartlyn Yellow Gold Diamond 18 K Ring
1887,UAG Book Cover for APPLE IPAD MINI 4
1888,Radiant Bay Gold Goddess Sterling Silver Diamond Ring
1889,Fuson Back Cover for Samsung Galaxy J7
1890,Radiant Bay Distinguishing Yellow Gold Diamond 14 K Ring
1891,"Port Monk Volleyball -   Size: 5,  Diameter: 22 cm"
1892,Icon Book Cover for iPad Mini
1893,Radiant Bay Striking Three Stone Yellow Gold Diamond 14 K Ring
1894,Artisan Creation Floral Single Quilts & Comforters White
1895,Brite Body Groomer BHT-530/00 Trimmer For Men
1896,Radiant Bay Elementary Yellow Gold Diamond 14 K Ring
1897,Kasemantra Back Cover for Apple iPad Mini
1898,Karatcraft Lynne Yellow Gold Diamond 18 K Ring
1899,IDBC GLOBAL Shoulder Bag
1900,Digimac 3 Compartments Plastic Pen Stand
1901,Fuson Back Cover for Samsung Galaxy J7
1902,Karatcraft Dyumna Yellow Gold Diamond 18 K Ring
1903,Blanket Zone Printed Single Quilts & Comforters Multicolor
1904,Radiant Bay Striking Three Stone Yellow Gold Diamond 18 K Ring
1905,Karatcraft Stellina Yellow Gold Diamond 18 K Ring
1906,Digimac 1 Compartments Plastic Pen Stand
1907,Radiant Bay A Class Higher White Gold Diamond 18 K Ring
1908,Fuson Back Cover for Samsung Galaxy J7
1909,Silkworm Printed Single Dohar Multicolor
1910,Radiant Bay Flower Focused Yellow Gold Diamond 18 K Ring
1911,O Teddy Toys 1 Compartments Imported Soft Valvet Pen Stand
1912,"Gioiabazar Book Cover for Samsung Galaxy Tab3 8.0"" SM-T311 SM-T310"
1913,Karatcraft Linius Yellow Gold Diamond 18 K Ring
1914,Kanu Book Cover for Champion Wtab 705 7 inch
1915,Radiant Bay Square Slade White Gold Diamond 18 K Ring
1916,Kanu Book Cover for Lava E-Tab Connect
1917,Karatcraft Lynne Yellow Gold Diamond 18 K Ring
1918,Fuson Back Cover for Samsung Galaxy J7
1919,Bagru Crafts Floral Single Quilts & Comforters Multicolor
1920,AMZER Back Cover for Samsung GALAXY Tab S2 9.7 SM-T810
1921,Radiant Bay Striking Three Stone Yellow Gold Diamond 18 K Ring
1922,Mobilecops Flip Cover for Samsung Galaxy Tab 3.7 inch
1923,kasemantra Back Cover for Apple iPad Mini
1924,Karatcraft Camellia Yellow Gold Diamond 18 K Ring
1925,Rama Floral Single Quilts & Comforters Blue
1926,Kasemantra Back Cover for Apple iPad Mini
1927,Metro Comfortech Women Flats
1928,Jpearls Yellow Gold Yellow Gold 18 K Ring
1929,Fuson Back Cover for Samsung Galaxy J7
1930,Rama Floral Single Quilts & Comforters Blue-Beige
1931,Karatcraft Armonia Yellow Gold Diamond 18 K Ring
1932,Kanu Book Cover for BSNL Champion WTab 706
1933,Vheelocityin Decorative Gold Chrome Strip For Interior / Extrerior - 20M For Mahindra E20 Car Side Beading
1934,Indigocart Printed Women's Regular Skirt
1935,Vheelocityin Decorative Gold Chrome Strip For Interior / Extrerior - 20M For Chevrolet Cruze Car Side Beading
1936,EDGE PLUS BODY PANEL FOR NOKIA 7230 SLIDE Front & Back Panel
1937,EDGE PLUS BODY PANEL FOR SAMSUNG S3500 Front & Back Panel
1938,Remtex Export Cartoon Single Dohar Multicolor
1939,Tradition India Floral Single Quilts & Comforters Multicolor
1940,EDGE PLUS BODY PANEL FOR SAMSUNG GALAXY S4 9500 Front & Back Panel
1941,Royal Men's Kurta and Pyjama Set
1942,CORA Striped Girl's Straight Kurta
1943,Adidas IND PRO THI GUA Thigh Guard
1944,Royal Men's Kurta and Pyjama Set
1945,TWISHA Printed Kurti & Salwar
1946,CORA Striped Girl's Straight Kurta
1947,Khadi Lip Balm Pack of 2 Lime
1948,TRENDIEZ 15.6 inch Laptop Backpack
1949,"V & B GALLERY Universal 3 in 1 Clip Camera professional class Kit (fish eye, wide angle and macro lens) Mobile Phone Lens"
1950,Adidas INDCLUB EM GUAR Elbow Guard
1951,Alark The Ethnic Men's Kurta and Pyjama Set
1952,RETAIL SHOP INDIA Printed Girl's Straight Kurta
1953,RETAIL SHOP INDIA Printed Girl's Straight Kurta
1954,"YoudyCo Girls, Women Bellies"
1955,X-Poz Women's Grey Dungaree
1956,RETAIL SHOP INDIA Printed Girl's Straight Kurta
1957,Nutrispa Age Defying day care
1958,Royal Men's Pathani Suit Set
1959,Nuteez Boy's Printed White Top & Pyjama Set
1960,domestiq Slippers
1961,Perfect Women's Leggings
1962,Guardian Flip Flops
1963,Eternity Handcrafted unique Mosaic Glass Table Lamp
1964,BODYSENSE Men's Vest
1965,HIMGIRI Women's Leggings
1966,Odoky Men's Vest
1967,Fashion Plus Flip Flops
1968,Exotic India Bhagwan Vishnu Showpiece  -  22.86 cm
1969,Levis Kids Casual Short Sleeve Printed Girl's Top
1970,Samsung CLP K300A Black Toner Cartridge
1971,Stellar Collections Slippers
1972,Glus Perfect Body Women's T-Shirt Bra
1973,Vaishna Fashion Women's Full Coverage Bra
1974,S4S Stylish Women's Push-up Bra
1975,Grafion Comfortable Women's Full Coverage Bra
1976,Ploomz Fashion Women's T-Shirt Bra
1977,Younky Fashion Women's T-Shirt Bra
1978,Grafion by Grafion - Comfort Feel Women's Full Coverage Bra
1979,Hemali C Cup Women's Full Coverage Bra
1980,Florentyne Padded Push-up Bra Women's Push-up Bra
1981,S4S Printed Women's Full Coverage Bra
1982,Wolfie Shiningbrown111 Women's Full Coverage Bra
1983,Q-rious Adore Women's Balconette Bra
1984,Luxemburg Bandaeu Women's Tube Bra
1985,Two Dots Comfortable Women's Sports Bra
1986,PrettySecrets Fashion Women's Push-up Bra
1987,Ploomz Fashion Women's Full Coverage Bra
1988,S4S Stylish Women's Push-up Bra
1989,Grafion Comfortable Women's Full Coverage Bra
1990,Status Multi Color Women's Full Coverage Bra
1991,S4S Stylish Women's Push-up Bra
1992,Ploomz Women's Push-up Bra
1993,Status Fashionable Women's T-Shirt Bra
1994,S4S Stylish Women's Push-up Bra
1995,S4S Stylish Women's Push-up Bra
1996,Grafion by Grafion - Comfort Feel Women's Full Coverage Bra
1997,Ploomz Women's T-Shirt Bra
1998,Madaam NonPadded Women's Tube Bra
1999,S4S Comfortable Women's Full Coverage Bra
